OrderID,Date,CustomerID,Product,Quantity,UnitPrice,ShippingAddress,TrackingNumber,ItemsInCart,CouponCode,TotalPrice,Has_Coupon,Order_Month,Avg_Item_Cart_Price,PaymentMethod_Credit Card,PaymentMethod_Debit Card,PaymentMethod_Gift Card,PaymentMethod_Online,OrderStatus_Delivered,OrderStatus_Pending,OrderStatus_Returned,OrderStatus_Shipped,ReferralSource_Facebook,ReferralSource_Google,ReferralSource_Instagram,ReferralSource_Referral
ORD200000,2023-01-04,C72649,Monitor,5,570.62,928 Main St,TRK37947903,7,SAVE10,2853.1,1,1,407.58513202124,False,True,False,False,False,False,False,True,False,False,True,False
ORD200001,2024-08-23,C75739,Phone,2,151.35,823 Main St,TRK91186779,3,SAVE10,302.7,1,8,100.89966366778776,False,False,False,True,False,False,False,True,False,False,False,True
ORD200002,2024-02-27,C81728,Tablet,5,550.68,512 Main St,TRK42903982,8,FREESHIP,2753.4,1,2,344.1745697817878,True,False,False,False,False,False,False,False,False,False,False,False
ORD200003,2023-10-15,C33540,Chair,1,273.19,275 Main St,TRK62788070,5,SAVE10,273.19,1,10,54.63789072421856,False,True,False,False,False,False,True,False,True,False,False,False
ORD200004,2025-05-08,C81840,Printer,4,626.01,668 Main St,TRK29241424,8,SAVE10,2504.04,1,5,313.0046087442391,False,False,False,True,True,False,False,False,False,False,False,False
ORD200005,2023-10-23,C37249,Phone,2,245.86,934 Main St,TRK72976927,4,SAVE10,491.72,1,10,122.92969267576832,True,False,False,False,False,False,False,True,False,False,True,False
ORD200006,2025-06-17,C83492,Laptop,1,664.42,986 Main St,TRK96417362,6,SAVE10,664.42,1,6,110.73648210586316,False,False,True,False,False,False,True,False,True,False,False,False
ORD200007,2023-05-12,C41460,Monitor,5,149.55,706 Main St,TRK78809193,9,FREESHIP,747.75,1,5,83.0832410186211,False,False,False,False,False,False,False,True,True,False,False,False
ORD200008,2025-04-02,C26817,Phone,2,134.28,904 Main St,TRK61042692,2,,268.56,0,4,134.279328603357,False,False,True,False,False,False,False,False,False,False,False,False
ORD200009,2023-11-21,C31946,Desk,4,509.38,102 Main St,TRK33478363,6,SAVE10,2037.52,1,11,339.5861006898322,True,False,False,False,False,False,False,True,False,True,False,False
ORD200010,2023-12-29,C43443,Tablet,5,625.97,333 Main St,TRK98859248,9,WINTER15,3129.85,1,12,347.7607247103059,True,False,False,False,False,False,True,False,False,False,True,False
ORD200011,2024-02-17,C93861,Monitor,3,49.14,831 Main St,TRK48234646,7,SAVE10,147.42,1,2,21.059969914328693,False,False,False,True,False,False,True,False,False,False,False,False
ORD200012,2024-10-15,C38785,Monitor,2,180.5,179 Main St,TRK20419991,6,FREESHIP,361.0,1,10,60.16656638905602,False,True,False,False,False,True,False,False,False,False,False,True
ORD200013,2023-08-30,C88348,Laptop,3,201.49,903 Main St,TRK81913874,4,FREESHIP,604.47,1,8,151.1171222071945,True,False,False,False,False,False,True,False,True,False,False,False
ORD200014,2023-03-27,C98474,Tablet,2,393.33,980 Main St,TRK79186539,3,SAVE10,786.66,1,3,262.2191259362469,False,True,False,False,False,True,False,False,False,False,True,False
ORD200015,2023-07-17,C39416,Printer,1,473.96,942 Main St,TRK54930938,3,,473.96,0,7,157.98614004619984,False,False,False,False,True,False,False,False,False,True,False,False
ORD200016,2023-01-24,C28976,Printer,2,533.81,914 Main St,TRK13194259,3,FREESHIP,1067.62,1,1,355.87214709284297,True,False,False,False,False,True,False,False,False,False,False,False
ORD200017,2024-03-02,C60672,Tablet,1,423.4,382 Main St,TRK11972116,3,,423.4,0,3,141.13286289045703,False,True,False,False,False,False,False,True,False,False,False,True
ORD200018,2025-03-26,C84329,Desk,1,431.44,891 Main St,TRK65191045,3,SAVE10,431.44,1,3,143.81285395715346,False,False,True,False,False,True,False,False,True,False,False,False
ORD200019,2023-01-23,C14552,Monitor,5,224.0,273 Main St,TRK59101365,9,SAVE10,1120.0,1,1,124.44430617299315,False,False,False,False,False,False,True,False,False,True,False,False
ORD200020,2023-05-08,C54829,Chair,5,62.51,587 Main St,TRK16718651,9,WINTER15,312.55,1,5,34.7277391914009,False,False,False,False,False,True,False,False,False,False,True,False
ORD200021,2024-11-17,C99023,Monitor,4,342.95,569 Main St,TRK52646983,6,,1371.8,0,11,228.6329522784129,False,False,False,False,True,False,False,False,False,True,False,False
ORD200022,2023-01-29,C34416,Monitor,2,49.62,633 Main St,TRK75937350,2,SAVE10,99.24,1,1,49.61975190124049,False,False,False,True,False,True,False,False,False,True,False,False
ORD200023,2025-04-09,C42372,Phone,4,273.25,755 Main St,TRK36168083,5,FREESHIP,1093.0,1,4,218.59956280087442,False,True,False,False,False,False,False,False,False,False,False,True
ORD200024,2024-10-30,C17470,Laptop,2,230.95,956 Main St,TRK28775057,3,WINTER15,461.9,1,10,153.96615344615518,False,False,False,True,True,False,False,False,False,False,False,True
ORD200025,2024-07-24,C42577,Monitor,1,399.98,709 Main St,TRK69423327,3,WINTER15,399.98,1,7,133.32622224592586,False,True,False,False,True,False,False,False,False,False,False,False
ORD200026,2024-03-06,C21944,Laptop,5,59.55,296 Main St,TRK80276812,6,,297.75,0,3,49.624917291804515,False,False,False,True,True,False,False,False,False,False,False,True
ORD200027,2024-02-22,C97593,Printer,1,472.74,881 Main St,TRK89117573,6,WINTER15,472.74,1,2,78.7898686835522,False,False,False,True,False,False,False,True,False,True,False,False
ORD200028,2023-11-21,C59823,Phone,4,160.07,568 Main St,TRK65895539,5,,640.28,0,11,128.05574388851224,False,False,False,True,False,True,False,False,False,False,False,False
ORD200029,2024-09-20,C33260,Desk,3,423.53,930 Main St,TRK59744090,6,SAVE10,1270.59,1,9,211.76464705892158,True,False,False,False,True,False,False,False,False,False,False,True
ORD200030,2025-03-22,C44267,Monitor,2,426.7,895 Main St,TRK54751444,5,SAVE10,853.4,1,3,170.67965864068273,False,False,False,True,False,True,False,False,False,False,False,True
ORD200031,2023-06-30,C26445,Chair,3,500.08,996 Main St,TRK31229981,6,,1500.24,0,6,250.03958326736125,False,True,False,False,False,False,True,False,True,False,False,False
ORD200032,2023-05-01,C12388,Tablet,5,536.72,830 Main St,TRK99261395,10,,2683.6,0,5,268.35973164026836,False,False,False,False,True,False,False,False,False,False,False,False
ORD200033,2023-06-05,C52184,Chair,1,162.77,912 Main St,TRK73312471,4,WINTER15,162.77,1,6,40.692398269004336,False,False,False,True,False,False,False,False,True,False,False,False
ORD200034,2023-01-07,C67195,Chair,4,576.52,926 Main St,TRK55467915,5,WINTER15,2306.08,1,1,461.2150775698449,True,False,False,False,False,True,False,False,True,False,False,False
ORD200035,2024-12-07,C50304,Monitor,2,465.15,128 Main St,TRK46850888,2,SAVE10,930.3,1,12,465.14767426162865,False,False,False,True,False,False,False,True,True,False,False,False
ORD200036,2025-05-08,C59337,Laptop,2,534.43,465 Main St,TRK50961250,5,,1068.86,0,5,213.77157245685507,False,True,False,False,False,True,False,False,True,False,False,False
ORD200037,2024-10-14,C10054,Laptop,2,76.74,409 Main St,TRK94005261,7,SAVE10,153.48,1,10,21.925682963310052,False,False,False,False,False,False,True,False,False,False,True,False
ORD200038,2024-12-19,C15924,Laptop,1,245.89,549 Main St,TRK14835975,3,SAVE10,245.89,1,12,81.96306012313292,False,True,False,False,True,False,False,False,False,True,False,False
ORD200039,2025-02-27,C96664,Printer,3,256.46,666 Main St,TRK85508960,4,SAVE10,769.38,1,2,192.34451913870217,True,False,False,False,True,False,False,False,False,False,False,True
ORD200040,2023-08-20,C84766,Desk,2,344.02,267 Main St,TRK78967923,4,FREESHIP,688.04,1,8,172.00956997607506,False,False,False,True,True,False,False,False,False,False,True,False
ORD200041,2023-12-05,C20212,Monitor,3,611.45,657 Main St,TRK69733327,4,FREESHIP,1834.35,1,12,458.5863535341162,False,False,True,False,False,True,False,False,False,False,True,False
ORD200042,2024-05-06,C28712,Printer,2,151.66,980 Main St,TRK40772558,6,,303.32,0,5,50.5532490779182,False,False,False,False,False,False,False,False,False,False,True,False
ORD200043,2023-12-14,C60572,Chair,3,499.21,871 Main St,TRK20351666,8,,1497.63,0,12,187.20351599560502,False,False,False,True,False,False,False,False,False,False,True,False
ORD200044,2025-04-21,C73225,Phone,2,550.18,996 Main St,TRK73848522,3,FREESHIP,1100.36,1,4,366.7854440485198,False,False,True,False,False,False,True,False,False,False,False,True
ORD200045,2024-02-10,C17388,Chair,1,317.25,157 Main St,TRK47077395,1,SAVE10,317.25,1,2,317.24682753172465,False,True,False,False,False,False,True,False,True,False,False,False
ORD200046,2024-06-26,C43212,Monitor,4,550.14,223 Main St,TRK25100762,4,FREESHIP,2200.56,1,6,550.1386246534385,False,True,False,False,False,True,False,False,False,False,True,False
ORD200047,2023-07-19,C38134,Desk,2,209.94,323 Main St,TRK42450754,3,FREESHIP,419.88,1,7,139.95953346822176,True,False,False,False,False,False,True,False,False,False,False,False
ORD200048,2023-08-26,C12408,Monitor,2,80.77,464 Main St,TRK38938858,4,,161.54,0,8,40.384899037752405,False,True,False,False,False,False,False,True,False,True,False,False
ORD200049,2023-10-07,C11985,Printer,1,30.44,633 Main St,TRK53272402,1,SAVE10,30.44,1,10,30.43969560304397,True,False,False,False,False,False,False,True,False,False,False,False
ORD200050,2023-07-31,C96494,Tablet,1,179.22,446 Main St,TRK14675049,6,FREESHIP,179.22,1,7,29.86995021674964,False,False,False,True,False,False,False,False,False,False,True,False
ORD200051,2024-12-30,C36778,Tablet,1,388.33,434 Main St,TRK67610289,2,SAVE10,388.33,1,12,194.16402917985408,False,False,False,False,False,False,True,False,True,False,False,False
ORD200052,2024-09-08,C30513,Tablet,1,586.44,232 Main St,TRK64320429,5,SAVE10,586.44,1,9,117.28776542446917,False,False,False,True,False,False,True,False,True,False,False,False
ORD200053,2024-05-18,C67551,Phone,4,488.78,512 Main St,TRK94992552,5,FREESHIP,1955.12,1,5,391.0232179535641,False,False,False,True,False,False,True,False,False,True,False,False
ORD200054,2025-03-27,C48120,Chair,1,280.25,623 Main St,TRK11014449,5,WINTER15,280.25,1,3,56.049887900224206,False,False,False,True,False,True,False,False,False,False,False,False
ORD200055,2025-06-24,C95984,Printer,3,344.4,565 Main St,TRK67434829,3,,1033.2,0,6,344.3988520038267,False,False,False,True,False,False,False,False,True,False,False,False
ORD200056,2023-05-21,C54298,Tablet,3,479.21,566 Main St,TRK62902341,5,WINTER15,1437.63,1,5,287.52542494915014,False,False,False,False,False,False,False,False,False,False,False,True
ORD200057,2023-01-22,C88036,Printer,5,314.27,842 Main St,TRK52470128,6,SAVE10,1571.35,1,1,261.89123018128305,False,False,False,False,False,False,True,False,False,False,True,False
ORD200058,2023-01-15,C60190,Phone,4,474.69,202 Main St,TRK70857868,6,SAVE10,1898.76,1,1,316.45947256754573,False,False,True,False,False,False,False,False,False,True,False,False
ORD200059,2024-09-11,C97603,Chair,4,593.27,811 Main St,TRK47055028,5,,2373.08,0,9,474.61505076989846,False,False,False,True,False,False,False,True,True,False,False,False
ORD200060,2024-08-21,C39256,Desk,1,417.1,634 Main St,TRK23412025,3,FREESHIP,417.1,1,8,139.03286989043372,False,True,False,False,False,False,True,False,False,False,False,True
ORD200061,2024-03-24,C61618,Desk,4,122.2,104 Main St,TRK43458485,7,FREESHIP,488.8,1,3,69.8284716736119,False,False,False,False,True,False,False,False,True,False,False,False
ORD200062,2023-08-22,C36497,Desk,2,43.15,691 Main St,TRK12102911,3,WINTER15,86.3,1,8,28.766570778097403,False,True,False,False,False,True,False,False,False,False,False,False
ORD200063,2025-02-02,C96695,Chair,1,564.86,813 Main St,TRK64283851,6,WINTER15,564.86,1,2,94.1431764280393,False,True,False,False,False,False,False,True,False,False,False,True
ORD200064,2025-06-25,C49720,Printer,3,130.61,752 Main St,TRK55785217,4,FREESHIP,391.83,1,6,97.95725510686223,False,True,False,False,False,False,False,False,True,False,False,False
ORD200065,2023-12-30,C97735,Monitor,5,81.7,385 Main St,TRK13743703,6,,408.5,0,12,68.08321986130024,True,False,False,False,True,False,False,False,False,False,True,False
ORD200066,2024-11-15,C18104,Chair,5,127.18,715 Main St,TRK15488568,9,SAVE10,635.9,1,11,70.65547704946995,False,False,False,False,False,False,False,False,False,False,False,True
ORD200067,2024-12-09,C25587,Printer,4,12.1,440 Main St,TRK55105323,8,,48.4,0,12,6.049992437509453,False,True,False,False,False,False,False,False,False,True,False,False
ORD200068,2023-12-11,C41598,Chair,3,490.92,709 Main St,TRK81665940,5,FREESHIP,1472.76,1,12,294.55141089717824,True,False,False,False,False,True,False,False,False,False,False,False
ORD200069,2023-05-11,C43338,Monitor,3,478.65,552 Main St,TRK35241775,4,,1435.95,0,5,358.98660253349374,False,False,False,True,False,False,False,True,False,False,False,True
ORD200070,2023-05-26,C25123,Desk,1,629.21,384 Main St,TRK27812282,2,FREESHIP,629.21,1,5,314.6034269828651,False,False,True,False,False,True,False,False,False,False,True,False
ORD200071,2025-06-10,C37454,Monitor,3,434.45,923 Main St,TRK28252730,4,,1303.35,0,6,325.8366854082865,True,False,False,False,False,True,False,False,False,False,False,True
ORD200072,2024-12-22,C19451,Tablet,4,589.44,942 Main St,TRK87787793,5,,2357.76,0,12,471.55105689788627,False,False,True,False,False,False,True,False,True,False,False,False
ORD200073,2023-05-03,C17269,Monitor,4,433.45,129 Main St,TRK79608389,4,,1733.8,0,5,433.4489163777091,False,False,True,False,False,False,False,False,True,False,False,False
ORD200074,2023-06-24,C25382,Phone,5,90.87,622 Main St,TRK64691287,5,,454.35,0,6,90.86981826036349,False,False,False,False,False,True,False,False,False,False,True,False
ORD200075,2023-09-26,C80651,Tablet,3,398.17,917 Main St,TRK14846720,5,SAVE10,1194.51,1,9,238.90152219695563,False,True,False,False,True,False,False,False,False,False,False,False
ORD200076,2024-03-31,C58638,Laptop,4,382.88,239 Main St,TRK38224871,6,WINTER15,1531.52,1,3,255.25290791182016,False,False,False,False,False,False,False,False,False,False,False,False
ORD200077,2024-05-24,C50121,Phone,1,583.18,348 Main St,TRK79810059,5,,583.18,0,5,116.63576672846654,True,False,False,False,False,False,True,False,False,True,False,False
ORD200078,2024-08-06,C32029,Printer,4,175.36,146 Main St,TRK68535532,4,FREESHIP,701.44,1,8,175.35956160109603,False,True,False,False,True,False,False,False,False,False,True,False
ORD200079,2025-03-10,C76700,Tablet,2,311.91,103 Main St,TRK13036341,2,,623.82,0,3,311.9084404577977,False,False,False,True,False,False,False,True,True,False,False,False
ORD200080,2023-06-27,C29041,Phone,3,589.56,591 Main St,TRK28840655,6,,1768.68,0,6,294.77950870081884,False,False,False,True,False,False,True,False,True,False,False,False
ORD200081,2023-06-08,C29314,Monitor,2,394.3,496 Main St,TRK59876213,6,FREESHIP,788.6,1,6,131.43311427814288,False,False,False,False,False,False,False,True,False,False,False,False
ORD200082,2024-01-05,C65799,Tablet,4,565.2,971 Main St,TRK66906607,9,SAVE10,2260.8,1,1,251.19972088919906,False,True,False,False,False,False,False,True,False,True,False,False
ORD200083,2023-08-22,C15681,Laptop,4,540.41,989 Main St,TRK75112172,6,,2161.64,0,8,360.2727328787785,True,False,False,False,False,False,False,False,False,False,False,True
ORD200084,2023-08-28,C64160,Monitor,2,165.49,967 Main St,TRK34121529,4,WINTER15,330.98,1,8,82.74479313801717,False,False,False,True,False,False,False,True,False,False,True,False
ORD200085,2024-09-09,C14553,Tablet,3,146.73,768 Main St,TRK93538334,8,FREESHIP,440.19,1,9,55.02368122039848,False,False,False,False,True,False,False,False,False,False,False,False
ORD200086,2024-06-19,C88205,Printer,5,643.03,447 Main St,TRK93504166,5,FREESHIP,3215.15,1,6,643.0287139425722,False,False,False,True,False,False,False,False,False,False,False,True
ORD200087,2024-10-10,C91245,Tablet,3,225.11,915 Main St,TRK46976391,4,SAVE10,675.33,1,10,168.83207791980522,False,False,False,False,False,False,False,True,True,False,False,False
ORD200088,2025-06-05,C75439,Desk,3,114.81,318 Main St,TRK19831653,7,,344.43,0,6,49.2042154225494,False,False,True,False,False,False,False,False,False,True,False,False
ORD200089,2025-02-25,C17181,Printer,5,455.33,291 Main St,TRK78912978,8,FREESHIP,2276.65,1,2,284.58089427388217,True,False,False,False,False,False,False,False,False,True,False,False
ORD200090,2023-09-18,C36540,Chair,4,182.08,611 Main St,TRK35828122,4,SAVE10,728.32,1,9,182.079544801138,False,False,True,False,True,False,False,False,False,False,False,False
ORD200091,2023-03-15,C98216,Laptop,5,492.75,196 Main St,TRK40986666,6,WINTER15,2463.75,1,3,410.6243156261406,False,False,False,False,False,False,False,True,False,False,False,True
ORD200092,2024-06-10,C29568,Printer,4,48.61,203 Main St,TRK46531075,7,FREESHIP,194.44,1,6,27.777103175566893,False,False,False,True,False,False,False,True,True,False,False,False
ORD200093,2023-01-14,C97262,Desk,4,431.01,837 Main St,TRK65990229,7,,1724.04,0,1,246.29107672703324,True,False,False,False,False,False,True,False,False,False,False,True
ORD200094,2023-02-11,C79821,Chair,1,531.18,781 Main St,TRK12780193,6,WINTER15,531.18,1,2,88.52985245024591,False,False,True,False,False,False,True,False,False,False,True,False
ORD200095,2023-03-24,C76761,Printer,4,117.51,839 Main St,TRK60179774,7,,470.04,0,3,67.14847550217786,False,True,False,False,False,False,True,False,False,False,False,True
ORD200096,2024-06-01,C93007,Phone,2,232.83,103 Main St,TRK85696091,7,,465.66,0,6,66.52276211033985,False,False,True,False,True,False,False,False,False,False,True,False
ORD200097,2025-01-21,C15624,Tablet,5,619.52,922 Main St,TRK40621141,9,,3097.6,0,1,344.1773953584496,False,True,False,False,False,True,False,False,False,False,False,False
ORD200098,2023-01-14,C70921,Printer,2,228.54,533 Main St,TRK54983109,3,,457.08,0,1,152.35949213502622,False,True,False,False,False,True,False,False,False,False,False,False
ORD200099,2025-04-12,C30477,Printer,1,201.58,717 Main St,TRK51829648,2,WINTER15,201.58,1,4,100.78949605251974,False,True,False,False,False,False,False,False,False,False,False,False
ORD200100,2023-02-17,C74866,Phone,3,664.79,743 Main St,TRK53783265,6,,1994.37,0,2,332.3944460092566,False,False,False,True,True,False,False,False,True,False,False,False
ORD200101,2023-11-25,C15283,Printer,1,381.02,152 Main St,TRK19286291,6,,381.02,0,11,63.503227494620845,False,False,False,False,False,False,False,True,False,True,False,False
ORD200102,2023-03-08,C18037,Laptop,2,70.34,944 Main St,TRK47362236,3,FREESHIP,140.68,1,3,46.89317702274326,False,False,True,False,False,False,False,False,False,False,False,False
ORD200103,2025-01-25,C62656,Phone,4,218.43,514 Main St,TRK86296459,9,SAVE10,873.72,1,1,97.07989213345319,True,False,False,False,False,False,False,False,False,False,False,False
ORD200104,2024-07-30,C65744,Phone,1,582.04,647 Main St,TRK39906058,1,FREESHIP,582.04,1,7,582.0341796582034,False,False,True,False,True,False,False,False,False,False,False,False
ORD200105,2024-10-24,C72290,Printer,3,185.4,810 Main St,TRK68792129,7,,556.2,0,10,79.45702934710094,False,False,True,False,False,False,False,False,True,False,False,False
ORD200106,2023-09-08,C73514,Desk,3,465.05,126 Main St,TRK96777924,3,SAVE10,1395.15,1,9,465.0484498385006,True,False,False,False,False,False,False,False,False,False,False,False
ORD200107,2023-03-27,C16775,Printer,5,670.75,848 Main St,TRK34392124,8,FREESHIP,3330.4075,1,3,416.3004171244786,False,False,True,False,False,False,False,True,False,False,True,False
ORD200108,2024-12-28,C33099,Laptop,5,48.38,522 Main St,TRK28522330,9,WINTER15,241.9,1,12,26.87774791361343,False,False,True,False,True,False,False,False,False,False,False,False
ORD200109,2023-09-17,C51157,Desk,3,592.87,131 Main St,TRK18674578,3,FREESHIP,1778.61,1,9,592.8680237732541,False,False,True,False,False,False,False,True,False,False,False,True
ORD200110,2024-04-21,C74562,Tablet,1,220.77,388 Main St,TRK32062079,5,FREESHIP,220.77,1,4,44.15391169217662,False,False,True,False,False,True,False,False,False,False,True,False
ORD200111,2025-05-07,C95271,Desk,3,309.22,620 Main St,TRK74904969,7,FREESHIP,927.66,1,5,132.52266782476025,False,False,False,True,False,False,False,False,False,True,False,False
ORD200112,2023-01-01,C81366,Monitor,1,410.6,423 Main St,TRK17062206,2,WINTER15,410.6,1,1,205.29897350513247,False,False,False,True,False,False,False,False,False,False,False,True
ORD200113,2024-01-17,C65905,Laptop,5,190.08,605 Main St,TRK73954365,9,FREESHIP,950.4,1,1,105.59988266679704,False,False,False,False,False,False,False,True,False,False,True,False
ORD200114,2025-01-27,C77272,Monitor,5,498.48,115 Main St,TRK29708128,8,SAVE10,2492.4,1,1,311.5496105629868,False,False,False,True,False,True,False,False,False,True,False,False
ORD200115,2023-11-27,C32580,Phone,5,374.99,122 Main St,TRK23670394,9,SAVE10,1874.95,1,11,208.32754630272635,False,False,False,True,False,False,False,True,True,False,False,False
ORD200116,2023-03-19,C47761,Printer,4,291.35,109 Main St,TRK66669207,6,WINTER15,1165.4,1,3,194.2330096116507,True,False,False,False,False,False,False,False,True,False,False,False
ORD200117,2023-03-08,C49187,Tablet,1,535.5,593 Main St,TRK81888598,5,WINTER15,535.5,1,3,107.0997858004284,False,False,True,False,False,False,False,False,False,False,False,True
ORD200118,2023-10-09,C27898,Printer,5,502.71,807 Main St,TRK61957665,7,FREESHIP,2513.55,1,10,359.0780584599165,False,False,True,False,False,False,False,True,False,True,False,False
ORD200119,2025-06-11,C14683,Desk,2,534.67,187 Main St,TRK47373682,7,FREESHIP,1069.34,1,6,152.76263891051585,False,True,False,False,False,False,False,True,False,False,False,True
ORD200120,2023-04-11,C58108,Tablet,4,629.34,986 Main St,TRK66218053,4,WINTER15,2517.36,1,4,629.3384266539334,False,False,False,False,False,False,False,False,False,False,True,False
ORD200121,2023-11-30,C89822,Desk,1,410.78,673 Main St,TRK24138598,1,FREESHIP,410.78,1,11,410.77589224107754,False,False,False,False,False,False,False,False,False,False,True,False
ORD200122,2024-04-15,C96787,Laptop,2,533.02,588 Main St,TRK30422853,2,,1066.04,0,4,533.0173349133254,False,False,True,False,False,False,False,True,True,False,False,False
ORD200123,2023-07-06,C86064,Desk,3,278.04,727 Main St,TRK62182901,5,,834.12,0,7,166.82366635266732,False,False,False,True,True,False,False,False,False,False,True,False
ORD200124,2024-07-28,C97148,Printer,4,283.79,563 Main St,TRK85321126,8,,1135.16,0,7,141.89482263147173,False,False,False,True,False,True,False,False,False,True,False,False
ORD200125,2024-11-06,C91099,Phone,2,512.65,758 Main St,TRK81846174,5,SAVE10,1025.3,1,11,205.05958988082025,True,False,False,False,False,False,False,True,False,False,False,False
ORD200126,2025-05-03,C55606,Desk,4,275.5,353 Main St,TRK68250319,8,FREESHIP,1102.0,1,5,137.74982781271524,False,False,True,False,False,False,False,True,False,True,False,False
ORD200127,2023-08-10,C71486,Desk,3,469.32,365 Main St,TRK73929833,3,,1407.96,0,8,469.31843560521463,False,True,False,False,False,False,False,True,False,True,False,False
ORD200128,2023-02-17,C86408,Tablet,4,21.07,244 Main St,TRK41432648,4,FREESHIP,84.28,1,2,21.06994732513169,False,False,True,False,True,False,False,False,False,True,False,False
ORD200129,2023-10-27,C52751,Laptop,4,263.93,427 Main St,TRK72481234,4,FREESHIP,1055.72,1,10,263.9293401766496,False,True,False,False,False,False,False,True,True,False,False,False
ORD200130,2025-01-22,C29059,Desk,3,501.3,513 Main St,TRK88360704,3,WINTER15,1503.9,1,1,501.29832900557,False,False,False,True,False,False,False,False,True,False,False,False
ORD200131,2023-01-08,C72862,Tablet,1,84.8,606 Main St,TRK51648833,5,,84.8,0,1,16.95996608006784,False,False,True,False,False,True,False,False,False,False,True,False
ORD200132,2023-03-28,C96257,Tablet,4,450.75,583 Main St,TRK13137948,6,WINTER15,1803.0,1,3,300.4994991675014,True,False,False,False,False,False,False,True,False,False,False,False
ORD200133,2025-06-20,C87432,Chair,4,302.05,636 Main St,TRK68969625,6,SAVE10,1208.2,1,6,201.36633105611492,False,True,False,False,False,False,False,False,False,True,False,False
ORD200134,2025-06-23,C16253,Laptop,2,199.7,583 Main St,TRK17354894,4,,399.4,0,6,99.84975037562407,False,False,False,False,False,True,False,False,False,False,False,False
ORD200135,2023-08-04,C79909,Printer,2,68.81,642 Main St,TRK86742257,5,SAVE10,137.62,1,8,27.5239449521101,False,False,True,False,False,False,False,True,False,False,False,True
ORD200136,2024-04-27,C73370,Laptop,1,44.35,595 Main St,TRK67820278,1,SAVE10,44.35,1,4,44.34955650443496,False,False,True,False,False,False,False,False,False,False,True,False
ORD200137,2024-11-26,C50682,Monitor,2,250.98,598 Main St,TRK12242337,5,,501.96,0,11,100.39179921640157,True,False,False,False,True,False,False,False,False,True,False,False
ORD200138,2023-12-21,C21905,Tablet,1,298.06,478 Main St,TRK31863841,3,WINTER15,298.06,1,12,99.35300215665947,False,True,False,False,False,True,False,False,False,True,False,False
ORD200139,2023-04-10,C61440,Phone,1,583.9,714 Main St,TRK33114521,1,,583.9,0,4,583.8941610583894,False,False,False,False,False,False,True,False,False,False,False,False
ORD200140,2025-05-31,C33110,Chair,3,528.14,388 Main St,TRK38624225,3,FREESHIP,1584.42,1,5,528.1382395392015,False,False,False,True,True,False,False,False,False,False,False,False
ORD200141,2023-11-18,C80004,Printer,3,684.14,151 Main St,TRK66230753,3,WINTER15,2052.42,1,11,684.1377195409349,False,False,False,False,False,False,False,False,False,False,True,False
ORD200142,2023-09-06,C86374,Desk,5,272.77,573 Main St,TRK79451491,7,WINTER15,1363.85,1,9,194.8354359493772,False,False,False,False,False,True,False,False,False,False,False,False
ORD200143,2024-06-13,C66521,Chair,4,400.07,933 Main St,TRK34654244,5,,1600.28,0,6,320.0553598892802,False,False,False,True,False,False,False,True,False,False,False,True
ORD200144,2023-08-04,C63365,Desk,5,219.78,895 Main St,TRK80100887,8,,1098.9,0,8,137.36232829708965,True,False,False,False,False,True,False,False,True,False,False,False
ORD200145,2024-03-02,C85929,Printer,3,146.91,798 Main St,TRK29318610,6,FREESHIP,440.73,1,3,73.45487757520405,True,False,False,False,True,False,False,False,False,True,False,False
ORD200146,2025-04-30,C84645,Tablet,2,411.49,404 Main St,TRK68893369,4,,822.98,0,4,205.74448563878593,True,False,False,False,False,False,True,False,False,False,True,False
ORD200147,2025-05-06,C46316,Laptop,2,465.18,893 Main St,TRK16196000,2,SAVE10,930.36,1,5,465.1776741116294,True,False,False,False,False,False,False,False,False,True,False,False
ORD200148,2024-12-15,C35100,Phone,2,319.91,139 Main St,TRK56853491,3,WINTER15,639.82,1,12,213.27262242459193,True,False,False,False,False,False,False,False,False,True,False,False
ORD200149,2023-12-27,C39671,Laptop,1,217.56,174 Main St,TRK47153818,3,,217.56,0,12,72.51975826747244,False,True,False,False,True,False,False,False,True,False,False,False
ORD200150,2023-12-13,C25503,Phone,2,105.57,981 Main St,TRK29878837,5,WINTER15,211.14,1,12,42.227915544168916,False,True,False,False,False,False,True,False,False,True,False,False
ORD200151,2023-12-01,C32960,Printer,5,444.76,947 Main St,TRK91226500,7,,2223.8,0,12,317.68526044962795,False,True,False,False,False,False,True,False,False,False,False,False
ORD200152,2025-01-02,C77736,Chair,2,399.04,659 Main St,TRK90329250,3,FREESHIP,798.08,1,1,266.02577991406696,False,False,False,False,False,False,False,False,False,False,False,True
ORD200153,2024-12-18,C71570,Chair,4,534.48,437 Main St,TRK95992269,9,WINTER15,2137.92,1,12,237.5464027262192,False,False,False,True,False,False,True,False,False,False,True,False
ORD200154,2023-07-20,C73587,Phone,4,408.21,727 Main St,TRK13955543,9,,1632.84,0,7,181.42646508170546,True,False,False,False,False,True,False,False,False,False,True,False
ORD200155,2023-02-27,C62740,Phone,1,424.4,446 Main St,TRK20706408,6,WINTER15,424.4,1,2,70.73321544464093,False,False,False,True,False,False,False,True,False,False,False,True
ORD200156,2024-11-08,C58808,Chair,2,269.83,651 Main St,TRK24451893,4,SAVE10,539.66,1,11,134.91466271334323,False,False,False,True,True,False,False,False,False,False,False,False
ORD200157,2025-02-21,C50422,Monitor,2,564.58,636 Main St,TRK71227815,4,WINTER15,1129.16,1,2,282.28929427676434,False,False,False,True,False,False,True,False,True,False,False,False
ORD200158,2024-05-16,C23334,Tablet,1,331.06,737 Main St,TRK46335144,5,WINTER15,331.06,1,5,66.21186757626485,True,False,False,False,False,True,False,False,False,False,True,False
ORD200159,2023-10-31,C48965,Printer,1,299.35,819 Main St,TRK50921780,5,WINTER15,299.35,1,10,59.86988026023949,True,False,False,False,False,False,False,False,False,False,False,False
ORD200160,2023-02-17,C38669,Monitor,4,101.32,240 Main St,TRK81738254,7,,405.28,0,2,57.89706014705693,False,False,False,False,False,True,False,False,False,False,False,True
ORD200161,2024-03-29,C35091,Monitor,1,211.14,513 Main St,TRK53784452,1,SAVE10,211.14,1,3,211.13788862111377,True,False,False,False,False,False,False,False,True,False,False,False
ORD200162,2023-07-27,C82313,Chair,3,65.86,917 Main St,TRK79854624,8,WINTER15,197.58,1,7,24.697469128163593,False,False,False,True,False,True,False,False,False,True,False,False
ORD200163,2025-06-24,C99589,Tablet,1,641.39,277 Main St,TRK16695001,1,,641.39,0,6,641.3835861641383,False,False,False,True,False,False,False,False,False,False,False,True
ORD200164,2023-12-28,C70566,Desk,5,536.58,667 Main St,TRK49673411,5,SAVE10,2682.9,1,12,536.5789268421464,False,False,True,False,False,True,False,False,False,True,False,False
ORD200165,2024-09-14,C60355,Monitor,2,500.29,226 Main St,TRK30155194,7,WINTER15,1000.58,1,9,142.93979580029173,False,False,False,True,False,False,True,False,False,True,False,False
ORD200166,2025-03-04,C28889,Chair,3,86.29,565 Main St,TRK23791726,6,WINTER15,258.87,1,3,43.14492809178652,False,False,False,False,True,False,False,False,False,False,True,False
ORD200167,2023-05-27,C88304,Chair,2,384.14,219 Main St,TRK44268941,2,WINTER15,768.28,1,5,384.1380793096034,False,False,False,True,False,False,True,False,False,False,False,False
ORD200168,2025-01-04,C49517,Printer,1,594.96,878 Main St,TRK78551375,6,,594.96,0,1,99.15983473360879,False,False,False,False,False,False,True,False,True,False,False,False
ORD200169,2024-04-07,C35785,Printer,1,427.82,732 Main St,TRK78923089,2,WINTER15,427.82,1,4,213.9089304553477,False,False,False,True,True,False,False,False,False,False,False,False
ORD200170,2025-04-04,C80223,Desk,4,662.94,535 Main St,TRK68632951,8,SAVE10,2651.76,1,4,331.46958566301794,False,False,False,False,False,False,False,False,False,False,True,False
ORD200171,2023-08-15,C20448,Tablet,2,148.22,336 Main St,TRK67379895,7,WINTER15,296.44,1,8,42.34851093069867,True,False,False,False,True,False,False,False,False,False,True,False
ORD200172,2025-04-06,C34134,Printer,1,254.12,365 Main St,TRK43074303,1,WINTER15,254.12,1,4,254.11745882541175,False,False,False,True,True,False,False,False,False,False,False,False
ORD200173,2024-03-24,C95901,Phone,3,664.46,806 Main St,TRK56989066,4,FREESHIP,1993.38,1,3,498.34375414061475,False,False,False,True,True,False,False,False,False,True,False,False
ORD200174,2024-04-16,C51145,Printer,4,600.81,790 Main St,TRK59154274,9,SAVE10,2403.24,1,4,267.02636997070005,False,True,False,False,True,False,False,False,False,False,False,False
ORD200175,2025-02-08,C78170,Chair,5,68.34,332 Main St,TRK71410605,6,WINTER15,341.7,1,2,56.94990508349153,False,True,False,False,False,True,False,False,False,False,False,True
ORD200176,2025-06-28,C80151,Tablet,4,430.83,553 Main St,TRK88251529,8,WINTER15,1723.32,1,6,215.4147307315866,False,False,True,False,False,True,False,False,False,False,False,True
ORD200177,2023-08-05,C55632,Chair,5,431.69,354 Main St,TRK13003066,10,,2158.45,0,8,215.84478415521585,True,False,False,False,False,True,False,False,True,False,False,False
ORD200178,2024-04-11,C53070,Chair,4,512.06,283 Main St,TRK49791755,5,SAVE10,2048.24,1,4,409.64718070563856,False,False,False,True,True,False,False,False,False,True,False,False
ORD200179,2024-11-24,C27401,Laptop,3,539.91,500 Main St,TRK14332053,8,,1619.73,0,11,202.46599691750387,True,False,False,False,True,False,False,False,False,False,False,False
ORD200180,2023-03-18,C87216,Tablet,5,316.07,970 Main St,TRK18713727,10,,1580.35,0,3,158.03484196515802,False,False,False,False,False,False,True,False,False,True,False,False
ORD200181,2024-08-31,C38966,Printer,5,404.39,247 Main St,TRK17205146,10,,2021.95,0,8,202.1947978052022,False,False,False,True,False,False,False,True,False,False,False,True
ORD200182,2025-03-19,C16612,Desk,1,600.54,596 Main St,TRK96188223,4,WINTER15,600.54,1,3,150.13462466343836,False,True,False,False,False,True,False,False,False,True,False,False
ORD200183,2024-04-18,C39246,Monitor,5,186.28,258 Main St,TRK16658182,8,SAVE10,931.4,1,4,116.42485446893191,False,True,False,False,True,False,False,False,False,False,False,False
ORD200184,2024-04-04,C65180,Tablet,4,214.54,231 Main St,TRK39255469,7,,858.16,0,4,122.59411057984202,False,False,True,False,False,False,False,False,False,False,False,True
ORD200185,2025-02-02,C46877,Laptop,1,210.7,572 Main St,TRK96935978,2,WINTER15,210.7,1,2,105.34947325263373,False,False,False,True,False,False,False,True,False,False,False,True
ORD200186,2023-12-07,C30334,Phone,2,133.55,322 Main St,TRK66388885,7,FREESHIP,267.1,1,12,38.15708834701665,False,False,False,False,False,True,False,False,True,False,False,False
ORD200187,2023-02-08,C21227,Chair,1,590.87,689 Main St,TRK79129657,6,FREESHIP,590.87,1,2,98.47816920305134,False,False,True,False,False,False,True,False,False,False,False,True
ORD200188,2025-03-15,C97715,Chair,2,363.91,927 Main St,TRK19515949,2,FREESHIP,727.82,1,3,363.9081804590977,False,False,True,False,False,False,False,True,False,False,False,True
ORD200189,2023-07-05,C48939,Printer,5,429.45,597 Main St,TRK62786764,5,WINTER15,2147.25,1,7,429.4491411017178,False,False,True,False,False,False,False,False,False,False,False,False
ORD200190,2024-08-31,C35483,Printer,3,223.7,725 Main St,TRK79638203,3,SAVE10,671.1,1,8,223.6992543358189,False,False,False,False,False,False,True,False,False,False,False,False
ORD200191,2025-03-08,C51494,Laptop,2,488.87,505 Main St,TRK58520306,4,FREESHIP,977.74,1,3,244.43438891402775,False,False,False,True,False,False,False,False,False,True,False,False
ORD200192,2023-08-11,C58410,Desk,1,645.46,151 Main St,TRK19749672,5,SAVE10,645.46,1,8,129.0917418165164,False,False,True,False,False,False,False,False,False,True,False,False
ORD200193,2023-07-21,C11644,Printer,1,46.66,429 Main St,TRK81320339,6,,46.66,0,7,7.776653705577157,False,False,False,False,False,False,False,False,False,True,False,False
ORD200194,2024-06-08,C53501,Monitor,1,249.57,899 Main St,TRK90144892,3,FREESHIP,249.57,1,6,83.18972270092432,False,False,False,False,False,False,False,True,False,True,False,False
ORD200195,2024-04-22,C63619,Chair,3,619.21,801 Main St,TRK65385674,6,,1857.63,0,4,309.6044839925267,False,True,False,False,False,False,False,False,False,False,False,False
ORD200196,2025-01-24,C40882,Desk,4,217.13,719 Main St,TRK64165503,8,WINTER15,868.52,1,1,108.56486429391964,False,False,False,False,True,False,False,False,False,False,False,False
ORD200197,2023-08-27,C80135,Laptop,5,221.51,723 Main St,TRK95222269,5,WINTER15,1107.55,1,8,221.50955698088603,False,False,False,False,False,False,True,False,False,False,False,True
ORD200198,2024-06-11,C37594,Laptop,4,340.3,926 Main St,TRK94405162,8,SAVE10,1361.2,1,6,170.14978731276588,False,False,False,False,False,False,False,False,False,False,False,True
ORD200199,2025-01-23,C87524,Phone,1,625.0,358 Main St,TRK21114341,5,WINTER15,625.0,1,1,124.99975000050001,False,False,False,True,False,False,True,False,False,True,False,False
ORD200200,2025-06-07,C97681,Tablet,5,433.26,895 Main St,TRK37531040,9,SAVE10,2166.3,1,6,240.69973255585273,True,False,False,False,True,False,False,False,False,True,False,False
ORD200201,2023-06-18,C10126,Monitor,2,674.9,146 Main St,TRK75607531,4,SAVE10,1349.8,1,6,337.4491563771091,False,False,False,True,False,False,False,True,True,False,False,False
ORD200202,2025-02-06,C36938,Monitor,3,253.98,636 Main St,TRK52522904,3,FREESHIP,761.94,1,2,253.979153402822,True,False,False,False,False,False,False,False,False,False,False,False
ORD200203,2025-01-21,C99173,Printer,3,356.84,172 Main St,TRK89849342,5,SAVE10,1070.52,1,1,214.10357179285643,False,False,False,True,False,False,False,True,False,False,True,False
ORD200204,2023-09-05,C99775,Laptop,4,413.71,478 Main St,TRK21638425,9,FREESHIP,1654.84,1,9,183.87090681010355,False,False,True,False,False,False,False,False,True,False,False,False
ORD200205,2023-03-04,C19266,Desk,3,147.39,609 Main St,TRK58357269,3,,442.17,0,3,147.38950870163765,False,True,False,False,False,False,True,False,False,False,False,False
ORD200206,2024-04-16,C31072,Laptop,4,229.1,729 Main St,TRK77172975,8,WINTER15,916.4,1,4,114.54985681267898,False,False,True,False,False,False,True,False,False,False,False,False
ORD200207,2025-03-18,C54595,Phone,1,121.96,999 Main St,TRK44416659,3,,121.96,0,3,40.653197822673924,False,True,False,False,True,False,False,False,False,True,False,False
ORD200208,2024-10-08,C87777,Desk,2,408.32,597 Main St,TRK29003608,3,FREESHIP,816.64,1,10,272.2124259585801,False,False,False,True,False,False,False,True,True,False,False,False
ORD200209,2023-08-29,C35854,Tablet,5,187.97,706 Main St,TRK30615168,9,SAVE10,939.85,1,8,104.4276617470425,False,False,False,False,False,False,True,False,False,True,False,False
ORD200210,2024-12-05,C93821,Chair,3,358.48,513 Main St,TRK10658539,7,FREESHIP,1075.44,1,12,153.63406623704824,False,False,True,False,True,False,False,False,True,False,False,False
ORD200211,2025-01-03,C54390,Printer,3,193.58,185 Main St,TRK83853742,7,FREESHIP,580.74,1,1,82.96273862465911,False,False,True,False,False,True,False,False,False,False,False,False
ORD200212,2023-06-20,C53215,Monitor,1,265.38,367 Main St,TRK34751835,6,WINTER15,265.38,1,6,44.229926283456194,True,False,False,False,False,False,False,False,False,False,False,False
ORD200213,2023-04-20,C71122,Laptop,1,634.4,317 Main St,TRK54757882,6,SAVE10,634.4,1,4,105.73315711140482,False,False,False,False,False,False,False,False,False,False,False,False
ORD200214,2024-08-21,C29483,Desk,4,305.72,673 Main St,TRK89423603,5,,1222.88,0,8,244.57551084897835,False,False,False,True,True,False,False,False,True,False,False,False
ORD200215,2023-08-10,C26767,Printer,1,303.6,432 Main St,TRK24585307,5,FREESHIP,303.6,1,8,60.71987856024289,False,False,False,False,False,False,False,True,True,False,False,False
ORD200216,2025-04-15,C70492,Monitor,4,496.0,811 Main St,TRK84625405,8,WINTER15,1984.0,1,4,247.99969000038752,False,False,False,True,False,False,False,False,False,True,False,False
ORD200217,2024-05-20,C61549,Desk,4,321.51,908 Main St,TRK65596914,9,,1286.04,0,5,142.89317456313938,False,False,False,False,False,False,True,False,False,True,False,False
ORD200218,2023-04-28,C11665,Tablet,3,112.46,882 Main St,TRK10993930,6,SAVE10,337.38,1,4,56.229906283489534,False,False,True,False,False,False,False,True,False,False,True,False
ORD200219,2025-05-02,C48946,Laptop,5,61.97,457 Main St,TRK99387220,6,SAVE10,309.85,1,5,51.64158059736568,False,False,False,False,True,False,False,False,False,False,False,False
ORD200220,2023-07-18,C79506,Laptop,2,373.17,497 Main St,TRK95188748,6,SAVE10,746.34,1,7,124.38979268367888,True,False,False,False,False,True,False,False,False,False,False,True
ORD200221,2024-02-23,C93473,Tablet,5,639.37,552 Main St,TRK50003989,6,SAVE10,3196.85,1,2,532.8074453209244,False,True,False,False,False,True,False,False,False,True,False,False
ORD200222,2023-05-04,C43124,Chair,4,693.36,931 Main St,TRK17293348,8,,2773.44,0,5,346.6795666505417,False,False,False,True,False,False,False,True,False,False,True,False
ORD200223,2024-09-11,C22783,Phone,4,692.91,673 Main St,TRK55009149,9,SAVE10,2771.64,1,9,307.9596578226024,True,False,False,False,False,True,False,False,False,False,True,False
ORD200224,2023-09-23,C18567,Printer,4,91.46,507 Main St,TRK17554673,9,SAVE10,365.84,1,9,40.64884372350697,False,False,False,False,False,False,False,False,False,False,False,True
ORD200225,2024-03-13,C99879,Phone,3,273.96,692 Main St,TRK50246700,8,SAVE10,821.88,1,3,102.73487158141053,False,True,False,False,False,False,True,False,False,True,False,False
ORD200226,2025-06-27,C31501,Desk,3,588.05,242 Main St,TRK93063929,8,,1764.15,0,6,220.5184743519071,False,False,True,False,True,False,False,False,False,False,True,False
ORD200227,2023-11-02,C93220,Monitor,2,365.17,353 Main St,TRK89023251,4,FREESHIP,730.34,1,11,182.58454353864119,False,False,False,True,False,False,False,False,True,False,False,False
ORD200228,2023-05-17,C57867,Chair,4,385.92,579 Main St,TRK92055007,8,,1543.68,0,5,192.95975880030153,True,False,False,False,False,False,False,False,False,False,True,False
ORD200229,2025-03-28,C62622,Tablet,1,562.61,762 Main St,TRK70997648,3,WINTER15,562.61,1,3,187.53604154652817,True,False,False,False,True,False,False,False,True,False,False,False
ORD200230,2023-12-16,C94595,Desk,4,61.91,948 Main St,TRK24497305,6,WINTER15,247.64,1,12,41.27326454455909,False,False,True,False,True,False,False,False,False,False,False,False
ORD200231,2023-11-05,C30955,Phone,4,41.9,327 Main St,TRK46898848,9,FREESHIP,167.6,1,11,18.62220153088719,False,False,True,False,False,True,False,False,False,False,True,False
ORD200232,2023-05-19,C20731,Printer,4,444.44,610 Main St,TRK75568437,8,WINTER15,1777.76,1,5,222.21972222534723,False,True,False,False,False,False,False,False,False,True,False,False
ORD200233,2024-08-24,C30168,Phone,3,311.33,146 Main St,TRK73699939,3,WINTER15,933.99,1,8,311.32896223679256,False,False,False,False,False,False,False,False,False,False,True,False
ORD200234,2024-11-26,C79842,Printer,4,236.41,337 Main St,TRK26957950,7,SAVE10,945.64,1,11,135.09123558394919,False,True,False,False,False,True,False,False,False,True,False,False
ORD200235,2023-02-20,C32854,Desk,1,65.45,815 Main St,TRK30009218,2,WINTER15,65.45,1,2,32.72483637581812,False,False,False,False,False,True,False,False,False,True,False,False
ORD200236,2023-01-01,C14847,Monitor,1,318.81,562 Main St,TRK39663243,3,WINTER15,318.81,1,1,106.26964576784744,False,True,False,False,False,True,False,False,False,False,False,False
ORD200237,2024-03-14,C88645,Monitor,3,583.72,783 Main St,TRK74097570,5,FREESHIP,1751.16,1,3,350.23129953740096,True,False,False,False,False,False,False,True,True,False,False,False
ORD200238,2024-12-13,C66149,Desk,4,384.32,770 Main St,TRK76307307,6,WINTER15,1537.28,1,12,256.21290631182285,True,False,False,False,False,True,False,False,False,True,False,False
ORD200239,2024-12-11,C20256,Tablet,3,538.74,456 Main St,TRK71127943,6,FREESHIP,1616.22,1,12,269.36955105074827,False,False,False,True,False,False,False,True,False,False,False,False
ORD200240,2023-07-12,C14983,Tablet,1,17.24,255 Main St,TRK93444157,2,FREESHIP,17.24,1,7,8.619956900215497,False,False,False,True,False,True,False,False,False,False,True,False
ORD200241,2023-05-16,C20817,Chair,5,615.67,407 Main St,TRK44164590,6,SAVE10,3078.35,1,5,513.0574782375363,False,False,False,True,False,True,False,False,False,False,False,False
ORD200242,2023-05-09,C94921,Printer,2,219.1,134 Main St,TRK97794327,4,SAVE10,438.2,1,5,109.5497261256847,False,False,False,True,False,True,False,False,False,False,False,True
ORD200243,2025-05-09,C54725,Chair,2,144.66,506 Main St,TRK30601940,7,FREESHIP,289.32,1,5,41.331369526614964,False,False,False,True,False,False,False,False,False,True,False,False
ORD200244,2023-02-16,C98096,Desk,2,317.77,838 Main St,TRK51518631,4,WINTER15,635.54,1,2,158.88460278849303,False,True,False,False,False,False,False,False,True,False,False,False
ORD200245,2025-04-20,C12667,Laptop,1,223.3,306 Main St,TRK25390491,1,,223.3,0,4,223.29776702232977,False,False,False,True,False,False,True,False,True,False,False,False
ORD200246,2024-08-30,C55354,Desk,2,342.11,164 Main St,TRK15439493,2,WINTER15,684.22,1,8,342.1082894585527,False,False,True,False,False,False,False,True,False,False,True,False
ORD200247,2023-07-20,C14600,Printer,2,220.9,785 Main St,TRK84984764,4,,441.8,0,7,110.44972387569032,False,False,True,False,False,False,False,True,False,False,False,False
ORD200248,2023-07-02,C97187,Laptop,1,670.54,471 Main St,TRK62283713,6,FREESHIP,670.54,1,7,111.75648040586599,False,False,False,False,False,False,False,True,False,False,False,True
ORD200249,2024-02-07,C39106,Printer,1,546.19,245 Main St,TRK35464433,5,FREESHIP,546.19,1,2,109.23778152443697,False,False,False,False,False,True,False,False,False,False,False,True
ORD200250,2023-04-05,C93379,Desk,3,42.95,318 Main St,TRK67954150,8,SAVE10,128.85,1,4,16.106229867212665,False,False,True,False,False,False,True,False,False,False,False,False
ORD200251,2025-05-15,C93175,Monitor,4,14.69,814 Main St,TRK32995144,9,,58.76,0,5,6.528881634575962,False,False,False,False,False,False,False,False,False,False,False,False
ORD200252,2024-09-20,C19648,Phone,4,668.36,821 Main St,TRK51297879,5,FREESHIP,2673.44,1,9,534.6869306261387,False,False,True,False,False,False,False,False,True,False,False,False
ORD200253,2024-03-23,C14891,Chair,4,413.74,743 Main St,TRK79471534,7,FREESHIP,1654.96,1,3,236.42251939640087,False,False,True,False,False,False,True,False,False,False,True,False
ORD200254,2023-12-26,C10866,Monitor,3,263.19,770 Main St,TRK34809583,5,,789.57,0,12,157.9136841726317,False,False,False,True,True,False,False,False,False,False,True,False
ORD200255,2024-05-13,C47283,Monitor,1,263.96,806 Main St,TRK56235117,2,SAVE10,263.96,1,5,131.97934010329948,False,False,True,False,False,False,True,False,False,True,False,False
ORD200256,2025-06-30,C94323,Chair,5,75.81,463 Main St,TRK22663277,10,WINTER15,379.05,1,6,37.90496209503791,False,False,True,False,False,False,True,False,False,False,True,False
ORD200257,2024-04-23,C89732,Phone,1,406.22,712 Main St,TRK41059233,5,SAVE10,406.22,1,4,81.24383751232499,True,False,False,False,False,False,False,False,False,False,False,True
ORD200258,2024-02-26,C87764,Tablet,2,103.41,294 Main St,TRK94082469,2,FREESHIP,206.82,1,2,103.40948295258524,False,False,False,True,False,False,False,True,False,False,False,True
ORD200259,2023-06-11,C20977,Chair,4,435.12,636 Main St,TRK54991561,9,SAVE10,1740.48,1,6,193.38645179283134,True,False,False,False,True,False,False,False,False,False,True,False
ORD200260,2023-05-17,C12245,Monitor,2,407.79,153 Main St,TRK22000463,3,,815.58,0,5,271.85909380302064,False,True,False,False,False,False,False,True,False,True,False,False
ORD200261,2025-05-28,C68976,Phone,5,173.65,460 Main St,TRK25491356,9,SAVE10,868.25,1,5,96.4721150309833,False,False,True,False,True,False,False,False,False,False,False,False
ORD200262,2023-01-10,C69476,Phone,4,249.07,642 Main St,TRK65869386,5,WINTER15,996.28,1,1,199.25560148879703,True,False,False,False,False,False,True,False,False,False,False,True
ORD200263,2023-03-25,C71040,Phone,4,434.85,250 Main St,TRK41397604,4,WINTER15,1739.4,1,3,434.84891287771785,True,False,False,False,False,True,False,False,False,True,False,False
ORD200264,2024-08-03,C71035,Tablet,1,436.77,977 Main St,TRK19599578,5,FREESHIP,436.77,1,8,87.35382529234941,False,False,False,False,False,False,True,False,False,True,False,False
ORD200265,2023-12-22,C20752,Printer,1,572.13,150 Main St,TRK22298450,4,SAVE10,572.13,1,12,143.03214241964398,False,True,False,False,False,False,False,False,False,True,False,False
ORD200266,2024-06-08,C38840,Chair,4,583.07,589 Main St,TRK48484633,6,FREESHIP,2332.28,1,6,388.71268547885757,True,False,False,False,False,False,False,False,False,False,False,True
ORD200267,2025-04-17,C84480,Chair,5,468.51,803 Main St,TRK62361867,9,,2342.55,0,4,260.283044129951,False,True,False,False,True,False,False,False,True,False,False,False
ORD200268,2023-08-11,C37032,Phone,2,423.88,655 Main St,TRK48639226,7,SAVE10,847.76,1,8,121.10839841657369,False,True,False,False,True,False,False,False,False,False,False,True
ORD200269,2023-11-25,C48942,Tablet,4,663.67,129 Main St,TRK29355120,7,FREESHIP,2654.68,1,11,379.23945822934536,True,False,False,False,False,True,False,False,False,True,False,False
ORD200270,2023-06-04,C13540,Printer,4,309.91,127 Main St,TRK81087373,5,WINTER15,1239.64,1,6,247.92750414499176,False,True,False,False,False,False,False,True,False,True,False,False
ORD200271,2023-03-28,C59572,Monitor,1,542.07,791 Main St,TRK16792991,6,WINTER15,542.07,1,3,90.34484942525097,False,False,False,False,False,False,False,True,False,False,False,True
ORD200272,2023-09-19,C29758,Chair,2,399.32,119 Main St,TRK12990043,6,WINTER15,798.64,1,9,133.10644482259198,False,False,False,True,False,True,False,False,False,False,True,False
ORD200273,2024-10-27,C11849,Tablet,2,238.25,974 Main St,TRK91195261,7,FREESHIP,476.5,1,10,68.07133132666954,False,False,False,True,False,False,False,False,False,False,False,False
ORD200274,2023-02-04,C50967,Phone,2,182.4,884 Main St,TRK65300814,5,SAVE10,364.8,1,2,72.95985408029185,False,False,True,False,False,False,False,False,False,False,False,True
ORD200275,2023-11-04,C80735,Chair,2,65.07,360 Main St,TRK99880231,4,SAVE10,130.14,1,11,32.53491866270334,True,False,False,False,False,False,False,False,False,True,False,False
ORD200276,2025-03-29,C99050,Printer,2,600.57,654 Main St,TRK56927089,3,WINTER15,1201.14,1,3,400.37866540444867,False,True,False,False,False,False,True,False,False,False,True,False
ORD200277,2024-09-09,C11210,Chair,5,90.92,910 Main St,TRK44929965,9,SAVE10,454.6,1,9,50.51105498771668,True,False,False,False,True,False,False,False,True,False,False,False
ORD200278,2024-11-18,C46015,Laptop,5,362.46,299 Main St,TRK46598430,6,FREESHIP,1812.3,1,11,302.04949658417235,False,False,False,False,True,False,False,False,False,False,True,False
ORD200279,2023-10-20,C69167,Chair,3,55.01,263 Main St,TRK12425655,7,WINTER15,165.03,1,10,23.575680606170565,False,False,False,True,False,True,False,False,False,False,False,False
ORD200280,2023-03-27,C55388,Tablet,3,404.62,740 Main St,TRK75741001,6,FREESHIP,1213.86,1,3,202.30966281722863,False,False,True,False,True,False,False,False,False,False,True,False
ORD200281,2023-07-27,C87181,Desk,4,654.79,195 Main St,TRK60093390,9,,2619.16,0,7,291.01745442505063,False,False,False,False,False,True,False,False,False,False,False,True
ORD200282,2025-04-22,C30411,Printer,4,637.79,375 Main St,TRK71810536,9,FREESHIP,2551.16,1,4,283.4619072645475,False,False,True,False,False,False,False,False,False,True,False,False
ORD200283,2025-02-28,C39638,Laptop,4,540.33,990 Main St,TRK69745608,6,,2161.32,0,2,360.21939963433397,False,False,False,False,False,False,False,True,False,True,False,False
ORD200284,2023-02-16,C27203,Laptop,5,208.17,516 Main St,TRK22023906,6,SAVE10,1040.85,1,2,173.47471087548186,True,False,False,False,False,False,True,False,True,False,False,False
ORD200285,2025-06-10,C67583,Phone,1,338.31,974 Main St,TRK93281700,3,,338.31,0,6,112.769624101253,False,False,False,True,True,False,False,False,False,True,False,False
ORD200286,2025-04-07,C70554,Monitor,3,139.45,187 Main St,TRK61086952,8,WINTER15,418.35,1,4,52.29368463289421,False,False,True,False,False,False,True,False,False,True,False,False
ORD200287,2023-11-24,C70437,Chair,4,655.18,630 Main St,TRK26628830,5,,2620.72,0,11,524.1429517140966,False,False,False,True,False,False,False,True,True,False,False,False
ORD200288,2023-03-12,C97643,Laptop,4,512.75,537 Main St,TRK60831391,8,WINTER15,2051.0,1,3,256.3746795316506,False,True,False,False,False,False,True,False,False,True,False,False
ORD200289,2023-07-26,C17136,Chair,4,160.49,333 Main St,TRK55362541,8,WINTER15,641.96,1,7,80.2448996938754,True,False,False,False,False,False,False,True,False,False,False,True
ORD200290,2023-05-05,C24901,Chair,3,99.9,258 Main St,TRK14029489,8,FREESHIP,299.7,1,5,37.46245317193353,False,False,False,False,True,False,False,False,True,False,False,False
ORD200291,2024-05-12,C61521,Phone,2,345.01,670 Main St,TRK93676567,6,FREESHIP,690.02,1,5,115.00314166143058,True,False,False,False,True,False,False,False,False,True,False,False
ORD200292,2025-01-15,C39639,Monitor,1,65.95,185 Main St,TRK31042152,5,,65.95,0,1,13.189973620052761,True,False,False,False,True,False,False,False,True,False,False,False
ORD200293,2023-02-16,C33220,Tablet,4,463.04,564 Main St,TRK40450219,9,,1852.16,0,2,205.79532689408126,False,False,True,False,False,False,True,False,False,False,True,False
ORD200294,2025-04-01,C65414,Phone,2,297.71,208 Main St,TRK67562517,7,SAVE10,595.42,1,4,85.05987848588788,False,False,False,True,False,False,False,True,False,False,False,True
ORD200295,2023-01-25,C49009,Printer,5,107.48,278 Main St,TRK46285799,9,FREESHIP,537.4,1,1,59.71104476550582,False,True,False,False,False,False,False,False,False,False,False,False
ORD200296,2024-06-19,C48453,Desk,5,638.8,434 Main St,TRK52110494,10,WINTER15,3194.0,1,6,319.3996806003194,False,True,False,False,False,False,False,False,False,False,False,True
ORD200297,2023-02-22,C68078,Desk,2,493.88,252 Main St,TRK64862812,7,SAVE10,987.76,1,2,141.10836984518593,True,False,False,False,False,False,True,False,False,False,True,False
ORD200298,2023-12-19,C19402,Printer,4,301.17,267 Main St,TRK97825212,6,,1204.68,0,12,200.77966536722442,False,False,False,True,False,False,False,False,False,False,False,False
ORD200299,2024-01-20,C30711,Monitor,1,278.66,856 Main St,TRK42696593,2,FREESHIP,278.66,1,1,139.32930335348325,False,False,True,False,False,False,False,False,False,False,True,False
ORD200300,2024-09-02,C39000,Phone,1,287.46,894 Main St,TRK33753945,3,FREESHIP,287.46,1,9,95.81968060106466,False,True,False,False,False,False,True,False,True,False,False,False
ORD200301,2023-05-11,C31105,Chair,1,583.99,726 Main St,TRK40149095,2,SAVE10,583.99,1,5,291.99354003229985,False,False,False,False,False,False,False,False,False,False,False,False
ORD200302,2023-05-16,C29432,Chair,3,468.74,121 Main St,TRK44142517,4,FREESHIP,1406.22,1,5,351.55412111469724,False,False,False,False,False,True,False,False,False,False,True,False
ORD200303,2024-12-07,C48531,Tablet,1,30.54,368 Main St,TRK95462192,1,,30.54,0,12,30.539694603053967,False,True,False,False,False,False,True,False,False,True,False,False
ORD200304,2024-10-18,C86762,Monitor,5,408.73,326 Main St,TRK75686292,10,FREESHIP,2043.65,1,10,204.3647956352044,False,False,True,False,True,False,False,False,False,False,True,False
ORD200305,2023-11-25,C63822,Laptop,4,126.89,235 Main St,TRK59353216,9,FREESHIP,507.56,1,11,56.39549289389679,False,False,False,False,False,True,False,False,False,False,True,False
ORD200306,2024-06-07,C70495,Printer,2,57.07,238 Main St,TRK65511225,3,SAVE10,114.14,1,6,38.04653984486718,False,True,False,False,False,False,True,False,False,False,True,False
ORD200307,2023-07-01,C92407,Laptop,3,557.41,135 Main St,TRK11755610,4,,1672.23,0,7,418.0564548588629,False,False,False,True,True,False,False,False,False,False,False,False
ORD200308,2023-12-11,C75888,Printer,3,448.9,790 Main St,TRK98467398,7,SAVE10,1346.7,1,12,192.38543944937223,False,True,False,False,False,False,True,False,False,False,True,False
ORD200309,2023-10-03,C63153,Chair,4,549.76,625 Main St,TRK38033305,4,FREESHIP,2199.04,1,10,549.758625603436,False,True,False,False,True,False,False,False,True,False,False,False
ORD200310,2024-02-24,C85863,Printer,3,132.48,968 Main St,TRK16094218,4,,397.44,0,2,99.35975160062101,False,False,False,True,False,False,False,True,False,False,False,True
ORD200311,2025-05-17,C71698,Desk,5,489.37,274 Main St,TRK34786818,8,,2446.85,0,5,305.8558676801654,False,False,False,True,False,False,True,False,False,False,True,False
ORD200312,2025-05-24,C35397,Printer,5,66.31,579 Main St,TRK64742535,7,FREESHIP,331.55,1,5,47.36421805111707,False,False,True,False,False,True,False,False,False,False,False,True
ORD200313,2023-07-09,C67687,Chair,2,434.3,978 Main St,TRK22838735,7,SAVE10,868.6,1,7,124.0855370206614,False,False,False,False,True,False,False,False,False,False,True,False
ORD200314,2023-10-04,C29931,Desk,4,153.09,540 Main St,TRK48712417,4,FREESHIP,612.36,1,10,153.08961727595684,False,False,False,True,True,False,False,False,False,False,False,True
ORD200315,2025-05-12,C59139,Tablet,5,91.67,301 Main St,TRK45507090,9,FREESHIP,458.35,1,5,50.9277211914209,False,False,False,True,False,False,False,False,False,False,False,False
ORD200316,2023-10-02,C66078,Desk,4,275.28,101 Main St,TRK86474559,9,WINTER15,1101.12,1,10,122.34653072607696,False,False,True,False,False,False,False,True,True,False,False,False
ORD200317,2023-04-10,C88370,Monitor,2,139.95,339 Main St,TRK22575151,5,,279.9,0,4,55.97988804022392,False,False,False,True,False,False,True,False,False,False,True,False
ORD200318,2024-07-27,C93375,Chair,3,148.72,317 Main St,TRK95706967,7,SAVE10,446.16,1,7,63.73705180421172,False,True,False,False,False,False,False,False,False,True,False,False
ORD200319,2023-12-02,C53049,Laptop,2,563.06,413 Main St,TRK48974907,6,,1126.12,0,12,187.6863538560769,False,False,False,False,False,False,True,False,False,False,True,False
ORD200320,2024-12-19,C55590,Printer,1,625.51,772 Main St,TRK48792951,1,FREESHIP,625.51,1,12,625.5037449625503,True,False,False,False,False,False,False,True,True,False,False,False
ORD200321,2023-08-09,C47086,Phone,4,152.29,135 Main St,TRK44194358,6,WINTER15,609.16,1,8,101.52649745583757,False,True,False,False,False,False,False,False,False,True,False,False
ORD200322,2024-06-14,C48646,Phone,5,231.82,339 Main St,TRK18233748,6,SAVE10,1159.1,1,6,193.18301136164771,False,True,False,False,True,False,False,False,True,False,False,False
ORD200323,2025-01-26,C29416,Laptop,1,150.17,414 Main St,TRK63820842,1,SAVE10,150.17,1,1,150.16849831501682,False,True,False,False,False,False,True,False,False,False,False,True
ORD200324,2024-06-13,C13525,Tablet,3,70.93,847 Main St,TRK70193221,5,,212.79,0,6,42.55791488417023,False,True,False,False,False,False,True,False,False,False,False,True
ORD200325,2023-06-29,C53545,Desk,3,361.39,665 Main St,TRK61123177,8,,1084.17,0,6,135.52108059864926,True,False,False,False,False,False,False,True,False,False,False,True
ORD200326,2024-07-01,C65986,Laptop,5,670.48,273 Main St,TRK98353867,5,SAVE10,3330.4075,1,7,666.0801678396643,False,False,True,False,False,False,True,False,True,False,False,False
ORD200327,2023-07-25,C17302,Phone,1,359.99,385 Main St,TRK43940016,5,SAVE10,359.99,1,7,71.997856004288,False,False,True,False,False,False,False,False,False,False,False,False
ORD200328,2023-02-28,C18404,Tablet,5,674.04,546 Main St,TRK89401624,7,SAVE10,3330.4075,1,2,475.77182032597096,False,False,False,True,False,False,False,False,False,True,False,False
ORD200329,2024-12-25,C88371,Chair,4,283.16,306 Main St,TRK63224811,6,,1132.64,0,12,188.7730187116355,True,False,False,False,False,False,False,True,False,True,False,False
ORD200330,2024-06-02,C38068,Desk,5,260.53,532 Main St,TRK54059198,5,SAVE10,1302.65,1,6,260.52947894104216,False,False,True,False,False,True,False,False,False,False,True,False
ORD200331,2023-04-15,C78724,Printer,3,422.13,187 Main St,TRK25703134,7,SAVE10,1266.39,1,4,180.9125986962876,False,False,False,True,True,False,False,False,True,False,False,False
ORD200332,2024-07-03,C26163,Desk,5,125.02,607 Main St,TRK67499316,9,SAVE10,625.1,1,7,69.4554783828018,False,True,False,False,False,True,False,False,False,True,False,False
ORD200333,2024-04-16,C87124,Phone,1,198.51,818 Main St,TRK52086740,5,WINTER15,198.51,1,4,39.70192059615881,True,False,False,False,False,False,True,False,False,False,True,False
ORD200334,2024-03-26,C90348,Chair,4,224.75,728 Main St,TRK20635777,7,WINTER15,899.0,1,3,128.42838795944579,False,False,False,True,True,False,False,False,True,False,False,False
ORD200335,2025-03-03,C58721,Tablet,3,205.86,978 Main St,TRK34801199,4,,617.58,0,3,154.394614013465,False,False,True,False,False,False,False,True,False,False,False,False
ORD200336,2023-12-29,C88174,Laptop,1,18.2,441 Main St,TRK10143345,4,SAVE10,18.2,1,12,4.549988625028438,False,True,False,False,False,True,False,False,False,False,True,False
ORD200337,2023-05-29,C77763,Tablet,3,502.77,599 Main St,TRK66980447,8,WINTER15,1508.31,1,5,188.5385143268571,False,True,False,False,False,False,True,False,False,False,False,False
ORD200338,2023-11-08,C53627,Phone,5,305.49,704 Main St,TRK64112352,10,,1527.45,0,11,152.74484725515276,False,True,False,False,False,False,False,True,False,False,False,True
ORD200339,2024-04-10,C84563,Printer,2,236.33,398 Main St,TRK62422797,3,SAVE10,472.66,1,4,157.55280815730615,False,False,False,True,False,True,False,False,False,False,True,False
ORD200340,2023-04-23,C76207,Laptop,5,521.25,826 Main St,TRK25569378,8,,2606.25,0,4,325.7808427739466,False,False,False,False,False,False,False,False,False,False,False,False
ORD200341,2024-09-23,C94671,Tablet,1,167.15,293 Main St,TRK61357272,5,WINTER15,167.15,1,9,33.42993314013372,False,False,True,False,False,False,False,True,False,False,False,False
ORD200342,2025-06-24,C69994,Monitor,5,466.42,619 Main St,TRK95935805,5,,2332.1,0,6,466.4190671618657,False,False,True,False,False,False,True,False,False,False,False,True
ORD200343,2023-02-26,C64638,Printer,1,527.57,919 Main St,TRK64087938,3,FREESHIP,527.57,1,2,175.85608047973176,False,True,False,False,False,True,False,False,True,False,False,False
ORD200344,2025-03-06,C95623,Tablet,3,623.34,248 Main St,TRK67558189,3,SAVE10,1870.02,1,3,623.337922206926,False,False,False,True,False,False,False,False,False,False,True,False
ORD200345,2023-12-07,C24751,Tablet,5,501.26,259 Main St,TRK37285406,10,FREESHIP,2506.3,1,12,250.62974937025066,False,False,True,False,False,False,False,True,False,False,False,True
ORD200346,2024-12-06,C31764,Tablet,1,655.09,876 Main St,TRK44680433,6,,655.09,0,12,109.18148469752552,False,False,False,False,False,True,False,False,False,False,False,True
ORD200347,2024-02-03,C83556,Printer,4,264.79,380 Main St,TRK21109187,5,SAVE10,1059.16,1,2,211.83157633684735,True,False,False,False,False,True,False,False,False,True,False,False
ORD200348,2024-03-13,C24369,Laptop,3,359.73,885 Main St,TRK72633998,7,FREESHIP,1079.19,1,3,154.16977975745752,False,True,False,False,False,False,True,False,False,False,False,False
ORD200349,2023-11-30,C39648,Chair,1,465.33,824 Main St,TRK56016905,2,FREESHIP,465.33,1,11,232.6638366808166,False,False,True,False,True,False,False,False,False,True,False,False
ORD200350,2023-06-03,C13296,Chair,2,54.41,495 Main St,TRK60127216,6,,108.82,0,6,18.13663643893927,False,False,False,True,False,False,False,True,False,False,True,False
ORD200351,2025-02-15,C94248,Laptop,1,64.66,494 Main St,TRK89406816,4,,64.66,0,2,16.164959587601032,False,True,False,False,True,False,False,False,False,False,True,False
ORD200352,2023-08-31,C26637,Chair,5,173.96,995 Main St,TRK59546992,8,WINTER15,869.8,1,8,108.72486409391988,False,True,False,False,False,True,False,False,False,False,True,False
ORD200353,2025-03-28,C16012,Tablet,1,630.82,171 Main St,TRK15195225,5,FREESHIP,630.82,1,3,126.16374767250467,False,False,False,True,True,False,False,False,False,True,False,False
ORD200354,2023-07-11,C31772,Phone,1,693.41,992 Main St,TRK11970357,4,,693.41,0,7,173.35206661983347,False,True,False,False,False,False,False,True,False,False,True,False
ORD200355,2025-06-03,C18353,Tablet,3,433.33,677 Main St,TRK78766533,4,FREESHIP,1299.99,1,6,324.99668750828124,True,False,False,False,False,False,False,False,False,False,False,True
ORD200356,2023-05-06,C26966,Printer,5,374.58,907 Main St,TRK83889574,10,FREESHIP,1872.9,1,5,187.2898127101873,False,False,True,False,False,False,False,False,False,False,True,False
ORD200357,2023-07-08,C74982,Laptop,5,408.56,398 Main St,TRK98700702,8,FREESHIP,2042.8,1,7,255.34968081289898,False,True,False,False,True,False,False,False,False,False,True,False
ORD200358,2024-04-07,C70633,Tablet,2,183.67,747 Main St,TRK82540521,3,SAVE10,367.34,1,4,122.44625851247162,False,False,False,True,False,False,False,False,False,True,False,False
ORD200359,2023-06-09,C95643,Desk,4,606.57,303 Main St,TRK23286689,5,WINTER15,2426.28,1,6,485.2550294899411,False,True,False,False,True,False,False,False,False,False,False,True
ORD200360,2024-06-06,C53810,Phone,4,589.57,779 Main St,TRK34630612,8,,2358.28,0,6,294.7846315192106,False,False,False,False,False,True,False,False,False,False,True,False
ORD200361,2024-06-29,C53464,Printer,5,659.85,197 Main St,TRK32743531,9,SAVE10,3299.25,1,6,366.5829260189711,True,False,False,False,True,False,False,False,True,False,False,False
ORD200362,2023-06-27,C53697,Monitor,4,206.84,312 Main St,TRK60476656,5,WINTER15,827.36,1,6,165.4716690566619,False,False,False,False,False,False,False,False,False,False,True,False
ORD200363,2024-05-24,C31668,Laptop,5,113.87,871 Main St,TRK42584392,6,SAVE10,569.35,1,5,94.89150851415249,True,False,False,False,False,True,False,False,False,False,False,False
ORD200364,2023-11-24,C85282,Phone,5,628.74,740 Main St,TRK86767206,9,FREESHIP,3143.7,1,11,349.2996118893201,False,False,False,False,False,False,False,False,True,False,False,False
ORD200365,2025-02-14,C56796,Phone,1,678.38,607 Main St,TRK74263180,4,SAVE10,678.38,1,2,169.59457601356,True,False,False,False,False,False,False,False,False,False,False,True
ORD200366,2023-02-10,C95213,Printer,3,602.24,603 Main St,TRK40630538,8,,1806.72,0,2,225.83971770035288,False,True,False,False,False,True,False,False,False,False,False,True
ORD200367,2024-04-25,C13108,Laptop,5,658.77,712 Main St,TRK82284400,10,FREESHIP,3293.85,1,4,329.3846706153294,False,False,True,False,False,True,False,False,False,False,True,False
ORD200368,2023-05-01,C85322,Monitor,3,271.02,403 Main St,TRK89728869,6,,813.06,0,5,135.50977415037642,True,False,False,False,False,False,False,False,False,True,False,False
ORD200369,2024-12-22,C43545,Monitor,5,375.25,216 Main St,TRK73937402,9,SAVE10,1876.25,1,12,208.47199058667712,False,False,True,False,False,True,False,False,False,False,False,False
ORD200370,2025-05-03,C80649,Phone,1,312.11,870 Main St,TRK41143313,4,WINTER15,312.11,1,5,78.02730493173767,False,False,False,True,False,False,False,False,True,False,False,False
ORD200371,2023-01-05,C59752,Phone,5,307.76,179 Main St,TRK82229639,9,FREESHIP,1538.8,1,1,170.97758780268023,False,False,True,False,False,True,False,False,False,True,False,False
ORD200372,2025-02-14,C53645,Chair,3,483.53,166 Main St,TRK12123939,4,,1450.59,0,2,362.6465933835166,False,False,False,False,False,False,True,False,False,False,False,True
ORD200373,2023-01-02,C60178,Laptop,3,341.15,969 Main St,TRK84505143,4,FREESHIP,1023.45,1,1,255.86186034534919,False,False,False,False,False,True,False,False,False,False,True,False
ORD200374,2024-09-16,C20286,Monitor,1,571.9,129 Main St,TRK67648338,1,WINTER15,571.9,1,9,571.8942810571893,False,False,True,False,False,True,False,False,False,False,True,False
ORD200375,2025-01-16,C87547,Monitor,4,95.03,400 Main St,TRK71027262,8,FREESHIP,380.12,1,1,47.514940606324245,False,False,False,True,False,False,False,True,True,False,False,False
ORD200376,2023-08-24,C64549,Monitor,5,201.22,341 Main St,TRK20788231,6,FREESHIP,1006.1,1,8,167.68305386157692,False,True,False,False,False,True,False,False,True,False,False,False
ORD200377,2024-07-22,C24884,Monitor,1,260.26,625 Main St,TRK44538419,5,WINTER15,260.26,1,7,52.05189589620821,False,False,False,True,False,True,False,False,False,False,True,False
ORD200378,2024-02-01,C62666,Chair,5,64.5,148 Main St,TRK91029390,8,WINTER15,322.5,1,2,40.31244960943799,True,False,False,False,False,True,False,False,False,False,True,False
ORD200379,2024-09-21,C47284,Phone,3,297.67,500 Main St,TRK85756094,6,,893.01,0,9,148.83475194208012,False,False,False,True,False,False,False,True,False,True,False,False
ORD200380,2024-04-20,C35355,Printer,4,331.9,127 Main St,TRK52935059,5,SAVE10,1327.6,1,4,265.5194689610621,False,False,False,False,False,True,False,False,False,False,True,False
ORD200381,2023-06-07,C29467,Chair,1,191.76,223 Main St,TRK98103385,1,FREESHIP,191.76,1,6,191.7580824191758,True,False,False,False,False,False,True,False,False,False,True,False
ORD200382,2025-01-30,C26718,Printer,4,263.09,272 Main St,TRK91702525,8,SAVE10,1052.36,1,1,131.54483556895553,False,True,False,False,False,False,False,True,False,True,False,False
ORD200383,2023-01-20,C18944,Chair,4,393.8,837 Main St,TRK45275439,7,SAVE10,1575.2,1,1,225.02824995964292,True,False,False,False,False,True,False,False,False,False,False,False
ORD200384,2024-11-24,C35628,Chair,3,553.57,147 Main St,TRK45688220,4,FREESHIP,1660.71,1,11,415.1764620588449,True,False,False,False,False,False,True,False,True,False,False,False
ORD200385,2023-10-31,C56851,Chair,5,191.63,752 Main St,TRK65290904,6,FREESHIP,958.15,1,10,159.69140051433249,False,False,True,False,True,False,False,False,True,False,False,False
ORD200386,2023-04-28,C12421,Tablet,1,93.02,373 Main St,TRK32588504,4,,93.02,0,4,23.254941862645346,False,False,False,True,False,False,True,False,False,False,False,False
ORD200387,2024-06-27,C25316,Printer,2,39.53,904 Main St,TRK55423551,3,WINTER15,79.06,1,6,26.353245489181703,True,False,False,False,False,False,False,True,False,True,False,False
ORD200388,2023-12-28,C22657,Printer,3,633.97,152 Main St,TRK49157047,7,WINTER15,1901.91,1,12,271.7010404270851,False,False,False,False,False,True,False,False,True,False,False,False
ORD200389,2023-12-17,C29703,Desk,4,697.5,558 Main St,TRK40543461,7,FREESHIP,2790.0,1,12,398.5708591844869,False,False,False,False,False,False,False,True,False,False,False,True
ORD200390,2023-07-14,C55996,Printer,5,508.69,885 Main St,TRK30547638,10,FREESHIP,2543.45,1,7,254.34474565525434,False,False,False,False,True,False,False,False,False,True,False,False
ORD200391,2025-01-16,C60037,Laptop,2,527.46,516 Main St,TRK82009557,3,FREESHIP,1054.92,1,1,351.6388278705738,False,True,False,False,False,False,False,False,False,False,False,True
ORD200392,2024-02-28,C95100,Phone,1,627.2,197 Main St,TRK47366265,1,WINTER15,627.2,1,2,627.1937280627194,False,False,False,True,True,False,False,False,False,False,False,False
ORD200393,2024-07-14,C39906,Printer,1,75.01,921 Main St,TRK24632134,3,,75.01,0,7,25.003249989166704,True,False,False,False,False,False,True,False,False,True,False,False
ORD200394,2023-07-05,C70148,Desk,5,529.55,359 Main St,TRK34848650,10,,2647.75,0,7,264.7747352252648,False,False,True,False,False,False,False,True,True,False,False,False
ORD200395,2025-04-25,C30010,Phone,3,127.41,830 Main St,TRK35386084,7,SAVE10,382.23,1,4,54.60420770827471,False,False,True,False,True,False,False,False,False,False,False,True
ORD200396,2023-12-01,C99217,Tablet,5,287.13,778 Main St,TRK82004594,10,SAVE10,1435.65,1,12,143.56485643514358,False,False,False,True,False,False,False,True,False,False,False,False
ORD200397,2023-09-28,C30184,Monitor,1,427.06,987 Main St,TRK86674704,1,WINTER15,427.06,1,9,427.05572944270557,False,False,False,True,False,False,False,False,False,False,False,True
ORD200398,2024-09-04,C50275,Phone,5,53.93,729 Main St,TRK98925264,7,SAVE10,269.65,1,9,38.52137354089494,False,False,True,False,False,False,False,True,False,False,True,False
ORD200399,2024-01-07,C64641,Tablet,5,423.93,319 Main St,TRK32012588,5,FREESHIP,2119.65,1,1,423.9291521416958,False,True,False,False,False,False,True,False,True,False,False,False
ORD200400,2024-09-28,C56266,Desk,4,160.22,304 Main St,TRK60088901,9,WINTER15,640.88,1,9,71.20880976798915,False,True,False,False,False,False,True,False,False,False,True,False
ORD200401,2025-04-09,C98635,Printer,1,538.68,197 Main St,TRK14225465,6,,538.68,0,4,89.77985036691605,False,True,False,False,False,False,True,False,False,False,False,True
ORD200402,2023-04-09,C83026,Printer,5,337.38,858 Main St,TRK79746259,5,,1686.9,0,4,337.37932524134953,False,False,True,False,False,False,False,True,False,False,False,True
ORD200403,2024-11-10,C28893,Tablet,1,620.21,740 Main St,TRK98333066,1,FREESHIP,620.21,1,11,620.2037979620204,False,False,False,True,False,False,True,False,False,False,False,True
ORD200404,2023-03-09,C45482,Monitor,2,99.1,440 Main St,TRK54571699,6,,198.2,0,3,33.033278277869535,False,False,False,False,True,False,False,False,False,False,True,False
ORD200405,2025-01-26,C97774,Monitor,4,451.97,603 Main St,TRK64664424,7,WINTER15,1807.88,1,1,258.2682024739965,False,False,False,True,False,False,False,False,False,False,False,False
ORD200406,2023-12-10,C11657,Tablet,4,66.1,572 Main St,TRK50284486,9,WINTER15,264.4,1,12,29.377745135838737,False,False,False,False,False,False,True,False,False,True,False,False
ORD200407,2023-08-13,C85993,Tablet,4,547.32,250 Main St,TRK72547640,8,FREESHIP,2189.28,1,8,273.6596579254276,False,False,False,False,False,False,True,False,False,False,True,False
ORD200408,2025-01-01,C11906,Printer,3,412.53,536 Main St,TRK31140158,6,WINTER15,1237.59,1,1,206.26465622557296,False,False,False,True,False,True,False,False,False,True,False,False
ORD200409,2023-06-28,C45187,Desk,5,84.13,767 Main St,TRK12320793,9,SAVE10,420.65,1,6,46.73883695684783,False,False,False,True,True,False,False,False,False,True,False,False
ORD200410,2024-01-18,C37375,Tablet,2,518.23,184 Main St,TRK52470162,5,,1036.46,0,1,207.29158541682918,False,True,False,False,False,False,False,True,False,False,False,False
ORD200411,2024-06-19,C66567,Desk,2,39.51,981 Main St,TRK21174822,5,,79.02,0,6,15.803968392063217,False,False,False,True,False,False,False,True,True,False,False,False
ORD200412,2025-04-11,C42451,Tablet,5,133.01,246 Main St,TRK31313343,10,,665.05,0,4,66.50493349506651,True,False,False,False,False,False,True,False,True,False,False,False
ORD200413,2023-10-08,C13923,Tablet,1,118.8,123 Main St,TRK87598790,6,SAVE10,118.8,1,10,19.799967000055002,False,False,False,True,True,False,False,False,False,False,False,False
ORD200414,2025-05-04,C11829,Desk,2,139.57,797 Main St,TRK84229257,4,WINTER15,279.14,1,5,69.78482553793616,False,False,False,False,True,False,False,False,True,False,False,False
ORD200415,2025-04-06,C62169,Chair,1,184.15,655 Main St,TRK64558985,5,FREESHIP,184.15,1,4,36.829926340147324,False,False,True,False,False,False,False,True,True,False,False,False
ORD200416,2023-07-18,C20881,Laptop,2,644.05,652 Main St,TRK26263902,5,WINTER15,1288.1,1,7,257.6194847610305,False,False,True,False,False,False,False,False,False,False,False,True
ORD200417,2023-10-24,C44492,Laptop,5,55.41,954 Main St,TRK51429869,5,,277.05,0,10,55.40988918022165,False,False,False,True,False,False,False,False,False,True,False,False
ORD200418,2023-01-11,C74169,Printer,1,310.93,862 Main St,TRK66144809,3,,310.93,0,1,103.64298785670715,False,False,False,True,False,False,False,False,True,False,False,False
ORD200419,2024-04-17,C70999,Tablet,2,216.66,885 Main St,TRK75644156,6,FREESHIP,433.32,1,4,72.21987963353395,False,True,False,False,False,True,False,False,False,False,True,False
ORD200420,2024-11-29,C11921,Phone,1,452.7,439 Main St,TRK91362635,5,FREESHIP,452.7,1,11,90.53981892036217,False,True,False,False,False,False,False,True,False,False,True,False
ORD200421,2023-10-15,C50683,Chair,2,288.21,769 Main St,TRK53032122,5,,576.42,0,10,115.28376943246114,False,True,False,False,False,False,False,False,False,False,False,False
ORD200422,2023-06-05,C76140,Phone,4,206.6,914 Main St,TRK25861469,6,WINTER15,826.4,1,6,137.73310377816037,False,False,True,False,False,False,True,False,False,False,False,True
ORD200423,2024-07-20,C94311,Printer,4,685.2,195 Main St,TRK97308771,6,WINTER15,2740.8,1,7,456.79923866793564,False,False,True,False,False,False,False,False,False,True,False,False
ORD200424,2023-04-12,C49491,Chair,5,22.94,339 Main St,TRK64012257,10,,114.7,0,4,11.46998853001147,False,False,False,False,False,True,False,False,False,False,False,False
ORD200425,2023-03-09,C40648,Laptop,2,301.88,488 Main St,TRK25325993,5,WINTER15,603.76,1,3,120.75175849648302,False,False,True,False,False,False,True,False,False,False,False,False
ORD200426,2025-03-16,C40967,Monitor,5,57.45,315 Main St,TRK24839296,10,,287.25,0,3,28.724971275028725,False,False,False,False,False,False,False,False,True,False,False,False
ORD200427,2024-12-18,C25406,Desk,1,161.24,379 Main St,TRK70952564,3,WINTER15,161.24,1,12,53.746487511708295,True,False,False,False,False,True,False,False,False,False,True,False
ORD200428,2024-11-26,C77085,Chair,4,262.58,895 Main St,TRK57227640,8,WINTER15,1050.32,1,11,131.28983588770515,False,False,False,True,False,False,False,False,False,False,False,False
ORD200429,2024-12-19,C38126,Printer,4,515.19,522 Main St,TRK90838498,9,SAVE10,2060.76,1,12,228.97307891880124,True,False,False,False,False,True,False,False,True,False,False,False
ORD200430,2023-06-07,C87448,Phone,1,450.07,433 Main St,TRK44134016,6,FREESHIP,450.07,1,6,75.01154164743059,False,False,True,False,False,False,False,True,False,True,False,False
ORD200431,2024-10-06,C62312,Printer,1,52.54,651 Main St,TRK59623037,6,WINTER15,52.54,1,10,8.756652072246547,False,True,False,False,False,False,False,False,True,False,False,False
ORD200432,2023-09-04,C58443,Tablet,2,424.32,662 Main St,TRK77163738,6,,848.64,0,9,141.43976426705956,True,False,False,False,False,False,True,False,False,False,False,True
ORD200433,2023-08-26,C36613,Monitor,3,631.64,785 Main St,TRK13282106,3,FREESHIP,1894.92,1,8,631.6378945403516,True,False,False,False,False,False,True,False,True,False,False,False
ORD200434,2023-10-22,C73893,Printer,5,327.68,384 Main St,TRK85939879,6,,1638.4,0,10,273.0662115563141,True,False,False,False,False,False,True,False,True,False,False,False
ORD200435,2023-05-27,C48601,Printer,1,414.47,101 Main St,TRK97868309,3,FREESHIP,414.47,1,5,138.15620614597952,False,True,False,False,False,False,True,False,False,False,True,False
ORD200436,2023-02-11,C14568,Laptop,4,221.33,651 Main St,TRK73545796,5,,885.32,0,2,177.06364587270826,False,False,False,True,False,True,False,False,False,True,False,False
ORD200437,2024-04-18,C63378,Phone,1,512.39,955 Main St,TRK20863705,2,FREESHIP,512.39,1,4,256.19371903140484,False,False,False,True,True,False,False,False,False,False,True,False
ORD200438,2025-01-03,C77800,Tablet,3,459.34,436 Main St,TRK27439574,3,SAVE10,1378.02,1,1,459.33846887177043,False,False,True,False,False,True,False,False,False,False,True,False
ORD200439,2024-09-08,C91155,Tablet,1,146.32,321 Main St,TRK36260319,4,WINTER15,146.32,1,9,36.57990855022862,False,False,False,True,False,False,False,True,True,False,False,False
ORD200440,2024-11-05,C60215,Desk,4,83.6,978 Main St,TRK31727767,4,SAVE10,334.4,1,11,83.5997910005225,False,True,False,False,False,True,False,False,True,False,False,False
ORD200441,2023-12-13,C52915,Printer,2,328.54,475 Main St,TRK79466982,6,FREESHIP,657.08,1,12,109.51315081141533,False,False,True,False,False,False,True,False,False,False,False,False
ORD200442,2024-05-06,C72588,Chair,5,314.94,661 Main St,TRK43410829,8,SAVE10,1574.7,1,5,196.83725395343257,False,False,False,False,False,True,False,False,False,False,True,False
ORD200443,2024-05-14,C61668,Chair,2,69.64,813 Main St,TRK58970302,6,,139.28,0,5,23.213294644508927,False,False,False,False,False,False,True,False,True,False,False,False
ORD200444,2024-06-08,C79508,Printer,1,135.17,585 Main St,TRK61882353,6,FREESHIP,135.17,1,6,22.52829578617369,False,False,False,True,False,False,False,True,False,False,True,False
ORD200445,2024-03-23,C94569,Phone,1,487.21,227 Main St,TRK31351770,3,SAVE10,487.21,1,3,162.40279199069334,False,False,False,False,True,False,False,False,False,False,False,True
ORD200446,2023-10-18,C89592,Laptop,5,509.58,262 Main St,TRK49442402,6,FREESHIP,2547.9,1,10,424.64929225117965,False,False,False,True,True,False,False,False,False,False,True,False
ORD200447,2024-04-07,C48207,Printer,2,416.81,356 Main St,TRK45355655,2,,833.62,0,4,416.8079159604202,False,False,False,False,False,False,True,False,True,False,False,False
ORD200448,2023-09-04,C16776,Laptop,2,160.0,854 Main St,TRK12860600,4,SAVE10,320.0,1,9,79.9998000005,False,False,False,False,False,True,False,False,False,False,True,False
ORD200449,2024-08-26,C91518,Tablet,3,253.05,286 Main St,TRK48688724,3,,759.15,0,8,253.04915650281166,False,False,False,True,False,True,False,False,False,False,True,False
ORD200450,2024-01-15,C36408,Monitor,5,615.1,160 Main St,TRK94023253,10,WINTER15,3075.5,1,1,307.5496924503076,False,False,True,False,False,False,True,False,False,False,True,False
ORD200451,2023-04-01,C14837,Monitor,1,183.18,647 Main St,TRK17501136,6,SAVE10,183.18,1,4,30.529949116751474,False,True,False,False,False,False,False,False,False,False,False,False
ORD200452,2023-07-23,C36467,Printer,1,75.78,581 Main St,TRK20863987,5,SAVE10,75.78,1,7,15.155969688060626,False,False,False,False,False,True,False,False,False,True,False,False
ORD200453,2025-05-02,C15017,Tablet,1,675.57,492 Main St,TRK51241924,1,WINTER15,675.57,1,5,675.5632443675563,False,False,False,False,False,False,False,True,True,False,False,False
ORD200454,2024-11-27,C54759,Laptop,1,109.29,686 Main St,TRK75583042,5,FREESHIP,109.29,1,11,21.857956284087436,False,True,False,False,False,False,False,False,False,True,False,False
ORD200455,2024-03-26,C58341,Phone,1,639.83,874 Main St,TRK32856728,2,SAVE10,639.83,1,3,319.91340043299783,False,True,False,False,False,True,False,False,False,False,False,True
ORD200456,2023-06-26,C94479,Desk,5,62.81,259 Main St,TRK69089975,9,SAVE10,314.05,1,6,34.89440567288259,True,False,False,False,False,False,False,True,True,False,False,False
ORD200457,2025-05-25,C50236,Desk,4,615.83,545 Main St,TRK67692578,4,WINTER15,2463.32,1,5,615.828460428849,False,False,False,True,False,False,True,False,False,False,True,False
ORD200458,2024-07-02,C31412,Monitor,4,510.58,196 Main St,TRK61946127,7,WINTER15,2042.32,1,7,291.75958320059544,True,False,False,False,False,False,True,False,False,False,False,False
ORD200459,2024-07-24,C90142,Desk,1,334.39,433 Main St,TRK39717191,2,,334.39,0,7,167.19416402917983,True,False,False,False,False,False,True,False,False,False,True,False
ORD200460,2024-10-06,C83548,Laptop,1,144.25,474 Main St,TRK93822942,2,WINTER15,144.25,1,10,72.12463937680312,False,False,False,False,False,False,True,False,False,False,False,True
ORD200461,2024-06-08,C29697,Tablet,1,401.82,407 Main St,TRK47776482,5,FREESHIP,401.82,1,6,80.36383927232146,True,False,False,False,False,False,False,True,False,True,False,False
ORD200462,2025-03-31,C22991,Phone,1,252.68,731 Main St,TRK32796086,1,,252.68,0,3,252.67747322526773,False,False,False,True,False,False,False,False,False,False,False,True
ORD200463,2023-05-26,C25276,Laptop,5,662.78,214 Main St,TRK14011732,9,SAVE10,3313.9,1,5,368.21070198810895,False,True,False,False,False,False,False,True,False,False,True,False
ORD200464,2023-03-14,C39176,Tablet,4,434.42,739 Main St,TRK71418686,6,FREESHIP,1737.68,1,3,289.61285064524895,False,False,False,True,False,False,False,False,False,True,False,False
ORD200465,2024-02-26,C58773,Printer,5,513.49,391 Main St,TRK65438300,8,,2567.45,0,2,320.93084883643894,False,False,True,False,False,False,False,False,False,True,False,False
ORD200466,2023-07-18,C37412,Phone,1,432.47,895 Main St,TRK97829604,4,FREESHIP,432.47,1,7,108.11722970692576,False,False,False,False,True,False,False,False,False,False,False,True
ORD200467,2024-08-30,C36492,Desk,1,45.94,572 Main St,TRK44350440,2,WINTER15,45.94,1,8,22.969885150574246,False,False,False,False,False,False,False,False,False,False,False,False
ORD200468,2025-06-21,C90110,Phone,1,418.36,998 Main St,TRK60203957,5,FREESHIP,418.36,1,6,83.6718326563347,True,False,False,False,True,False,False,False,False,False,False,False
ORD200469,2023-11-26,C13877,Chair,5,676.98,893 Main St,TRK17254691,5,,3330.4075,0,11,666.0801678396643,False,False,False,False,False,False,False,False,True,False,False,False
ORD200470,2023-09-29,C25149,Tablet,4,263.62,672 Main St,TRK33538608,5,SAVE10,1054.48,1,9,210.8955782088436,False,False,False,False,False,False,False,True,False,False,False,False
ORD200471,2025-04-19,C52717,Desk,5,551.27,395 Main St,TRK27625571,7,FREESHIP,2756.35,1,4,393.7637231946812,False,False,False,True,False,False,False,False,False,False,False,True
ORD200472,2023-01-06,C60029,Chair,3,508.12,796 Main St,TRK86461316,8,FREESHIP,1524.36,1,1,190.54476181904772,True,False,False,False,False,False,False,False,False,False,False,True
ORD200473,2025-02-25,C28552,Chair,2,14.93,449 Main St,TRK71597160,4,,29.86,0,2,7.464981337546656,False,False,False,True,False,False,False,True,True,False,False,False
ORD200474,2023-11-15,C72293,Printer,3,229.34,398 Main St,TRK84378003,6,SAVE10,688.02,1,11,114.66980888365187,True,False,False,False,False,False,False,True,False,False,False,True
ORD200475,2025-04-19,C29844,Tablet,2,438.62,363 Main St,TRK91642337,3,SAVE10,877.24,1,4,292.41235862547126,False,False,False,False,False,False,False,False,True,False,False,False
ORD200476,2024-01-15,C77872,Phone,2,513.59,867 Main St,TRK19292184,4,FREESHIP,1027.18,1,1,256.794358014105,False,False,False,True,False,False,True,False,False,False,False,True
ORD200477,2025-03-05,C56564,Phone,2,253.74,481 Main St,TRK13166044,5,SAVE10,507.48,1,3,101.495797008406,False,False,False,True,False,False,False,True,False,True,False,False
ORD200478,2024-11-01,C16758,Tablet,3,62.77,914 Main St,TRK88544431,6,FREESHIP,188.31,1,11,31.38494769175385,False,False,True,False,False,False,False,True,False,False,False,True
ORD200479,2023-02-18,C87011,Monitor,4,25.29,943 Main St,TRK21429162,8,,101.16,0,2,12.644984193769758,True,False,False,False,False,True,False,False,False,True,False,False
ORD200480,2023-06-16,C21147,Chair,1,335.1,126 Main St,TRK93171043,6,FREESHIP,335.1,1,6,55.849906916821816,False,True,False,False,False,True,False,False,False,False,False,True
ORD200481,2023-04-23,C94568,Laptop,4,484.85,317 Main St,TRK58653915,5,WINTER15,1939.4,1,4,387.8792242415516,False,True,False,False,True,False,False,False,False,False,False,True
ORD200482,2025-03-02,C35852,Monitor,3,381.41,989 Main St,TRK22302049,6,,1144.23,0,3,190.70468215886308,False,False,False,True,False,True,False,False,False,False,True,False
ORD200483,2023-01-18,C66462,Phone,5,347.92,982 Main St,TRK52743700,6,WINTER15,1739.6,1,1,289.9328501119165,False,False,False,False,False,True,False,False,False,True,False,False
ORD200484,2024-05-29,C29092,Chair,4,15.01,767 Main St,TRK90455340,6,,60.04,0,5,10.006649988916685,False,False,False,False,False,False,False,False,True,False,False,False
ORD200485,2023-08-01,C46651,Chair,3,404.79,764 Main St,TRK67679195,6,SAVE10,1214.37,1,8,202.3946626755622,False,False,False,False,False,False,False,True,False,False,True,False
ORD200486,2023-02-03,C88981,Printer,4,611.26,558 Main St,TRK75267873,5,SAVE10,2445.04,1,2,489.00702198595604,False,False,False,False,False,False,False,True,False,False,False,True
ORD200487,2023-03-09,C40136,Printer,3,346.52,211 Main St,TRK92924852,3,SAVE10,1039.56,1,3,346.51884493718353,True,False,False,False,False,True,False,False,False,True,False,False
ORD200488,2024-12-05,C81573,Chair,1,36.65,556 Main St,TRK96522994,1,WINTER15,36.65,1,12,36.64963350366496,False,False,False,True,False,False,False,False,False,False,False,False
ORD200489,2023-09-05,C11940,Tablet,3,149.34,589 Main St,TRK85466461,7,WINTER15,448.02,1,9,64.0027657103347,False,False,True,False,False,False,False,False,False,False,False,False
ORD200490,2024-07-22,C50097,Chair,5,467.81,539 Main St,TRK62785150,10,,2339.05,0,7,233.90476609523392,False,False,False,True,False,False,False,False,True,False,False,False
ORD200491,2023-01-05,C98168,Phone,5,420.7,481 Main St,TRK56423359,5,WINTER15,2103.5,1,1,420.6991586016828,False,False,False,False,False,True,False,False,True,False,False,False
ORD200492,2023-10-25,C39074,Laptop,5,606.52,103 Main St,TRK13027036,6,SAVE10,3032.6,1,10,505.43249094584843,False,True,False,False,False,False,False,True,False,False,True,False
ORD200493,2025-01-28,C84908,Phone,1,420.26,372 Main St,TRK64135970,4,FREESHIP,420.26,1,1,105.06473733815666,True,False,False,False,False,True,False,False,True,False,False,False
ORD200494,2023-07-19,C64516,Laptop,3,505.79,459 Main St,TRK63920573,3,FREESHIP,1517.37,1,7,505.78831403895316,False,True,False,False,False,True,False,False,False,False,False,True
ORD200495,2025-06-05,C63827,Phone,4,493.73,947 Main St,TRK35730581,6,SAVE10,1974.92,1,6,329.1527847453588,False,True,False,False,False,True,False,False,True,False,False,False
ORD200496,2025-03-14,C93618,Printer,3,201.21,249 Main St,TRK66129326,3,SAVE10,603.63,1,3,201.20932930223566,False,False,False,True,False,False,False,False,False,True,False,False
ORD200497,2024-10-24,C93948,Printer,3,112.29,454 Main St,TRK77358113,6,,336.87,0,10,56.14490642515596,False,False,True,False,False,False,False,True,False,True,False,False
ORD200498,2023-07-12,C73961,Tablet,4,132.56,306 Main St,TRK32607173,8,WINTER15,530.24,1,7,66.27991715010357,False,False,False,False,False,False,True,False,False,False,True,False
ORD200499,2023-04-06,C18138,Printer,3,539.46,520 Main St,TRK20289483,4,SAVE10,1618.38,1,4,404.5939885150288,True,False,False,False,False,False,False,True,True,False,False,False
ORD200500,2024-04-07,C79475,Laptop,5,508.59,169 Main St,TRK42168516,8,WINTER15,2542.95,1,4,317.86835266455915,False,False,False,False,False,False,True,False,True,False,False,False
ORD200501,2024-02-04,C88546,Desk,4,203.46,226 Main St,TRK19867754,7,SAVE10,813.84,1,2,116.26269105329851,True,False,False,False,False,True,False,False,False,False,False,True
ORD200502,2023-05-20,C69332,Monitor,3,565.25,745 Main St,TRK65718848,7,SAVE10,1695.75,1,5,242.24965392906583,False,True,False,False,False,False,True,False,False,False,False,False
ORD200503,2023-08-31,C64554,Tablet,3,136.84,498 Main St,TRK95384568,4,FREESHIP,410.52,1,8,102.62974342564144,False,False,False,True,False,True,False,False,True,False,False,False
ORD200504,2025-06-11,C11676,Monitor,2,464.5,805 Main St,TRK35726395,2,WINTER15,929.0,1,6,464.49767751161244,False,False,False,True,False,False,False,False,False,False,True,False
ORD200505,2023-06-11,C36014,Printer,2,434.97,558 Main St,TRK97246526,7,,869.94,0,6,124.27696531862098,False,False,False,True,False,False,False,True,False,False,False,False
ORD200506,2023-07-25,C23279,Monitor,2,43.67,696 Main St,TRK58039693,4,WINTER15,87.34,1,7,21.834945412636472,False,False,False,False,False,False,True,False,False,False,True,False
ORD200507,2023-07-05,C86481,Phone,1,171.59,546 Main St,TRK87513944,5,WINTER15,171.59,1,7,34.31793136413727,True,False,False,False,False,True,False,False,False,False,False,False
ORD200508,2025-05-14,C39550,Phone,1,558.27,976 Main St,TRK24120267,1,,558.27,0,5,558.2644173558264,False,False,False,True,True,False,False,False,False,False,False,True
ORD200509,2023-02-15,C68937,Laptop,2,425.03,560 Main St,TRK31908657,2,WINTER15,850.06,1,2,425.0278748606257,False,False,False,False,False,False,True,False,False,True,False,False
ORD200510,2024-12-16,C72533,Printer,1,376.76,389 Main St,TRK51288986,5,SAVE10,376.76,1,12,75.35184929630141,False,True,False,False,True,False,False,False,False,False,False,False
ORD200511,2024-03-15,C11415,Monitor,5,575.24,267 Main St,TRK65061457,7,WINTER15,2876.2,1,3,410.885127306961,False,False,False,False,True,False,False,False,False,False,False,False
ORD200512,2024-09-27,C14114,Desk,3,568.02,856 Main St,TRK63290700,3,FREESHIP,1704.06,1,9,568.0181066063113,False,False,False,True,False,True,False,False,False,False,True,False
ORD200513,2025-02-09,C64128,Tablet,3,94.88,533 Main St,TRK37053575,8,,284.64,0,2,35.579955525055595,False,False,True,False,False,False,False,True,False,False,False,True
ORD200514,2023-04-16,C15629,Printer,3,304.15,492 Main St,TRK64926044,3,WINTER15,912.45,1,4,304.1489861700461,False,False,True,False,False,False,False,True,False,False,True,False
ORD200515,2023-03-14,C67561,Phone,3,553.52,160 Main St,TRK75900717,4,FREESHIP,1660.56,1,3,415.1389621525947,False,False,True,False,False,False,False,True,True,False,False,False
ORD200516,2024-04-07,C47022,Monitor,3,166.99,208 Main St,TRK28855040,8,,500.97,0,4,62.621171723535355,False,False,False,False,False,False,True,False,True,False,False,False
ORD200517,2024-04-09,C55205,Tablet,4,198.35,943 Main St,TRK88141634,7,FREESHIP,793.4,1,4,113.34269522472111,False,False,False,False,False,False,False,False,False,True,False,False
ORD200518,2025-06-13,C30686,Printer,4,403.58,319 Main St,TRK59807273,9,SAVE10,1614.32,1,6,179.3686895903449,False,False,False,True,False,True,False,False,False,False,False,True
ORD200519,2025-05-10,C71797,Laptop,4,464.29,941 Main St,TRK66010667,5,SAVE10,1857.16,1,5,371.4312571374858,False,True,False,False,False,False,True,False,False,False,False,False
ORD200520,2023-03-10,C66332,Monitor,3,635.98,959 Main St,TRK27063398,5,,1907.94,0,3,381.58723682552636,False,False,False,False,False,False,True,False,False,False,False,True
ORD200521,2024-02-25,C82318,Phone,1,528.06,991 Main St,TRK37534165,2,,528.06,0,2,264.02867985660066,True,False,False,False,False,False,False,True,True,False,False,False
ORD200522,2024-04-20,C66254,Chair,1,515.32,740 Main St,TRK82843861,1,FREESHIP,515.32,1,4,515.3148468515315,False,False,True,False,False,False,False,False,False,False,False,False
ORD200523,2025-02-18,C65083,Desk,4,657.79,652 Main St,TRK60937148,6,WINTER15,2631.16,1,2,438.52593579010704,True,False,False,False,False,False,True,False,False,True,False,False
ORD200524,2023-10-25,C44778,Phone,1,153.0,103 Main St,TRK92617366,4,,153.0,0,10,38.24990437523907,True,False,False,False,False,False,True,False,False,False,False,True
ORD200525,2023-12-03,C54499,Monitor,1,668.48,160 Main St,TRK18061555,1,SAVE10,668.48,1,12,668.4733152668473,False,True,False,False,False,False,False,True,False,False,False,False
ORD200526,2024-02-29,C91201,Desk,2,46.5,837 Main St,TRK63526023,7,WINTER15,93.0,1,2,13.285695306149563,False,False,False,False,False,False,True,False,False,True,False,False
ORD200527,2024-08-19,C27202,Chair,5,653.47,967 Main St,TRK75406128,10,SAVE10,3267.35,1,8,326.73467326532676,True,False,False,False,False,False,False,False,False,False,False,True
ORD200528,2025-02-26,C32011,Chair,1,628.89,686 Main St,TRK70997744,2,SAVE10,628.89,1,2,314.4434277828611,True,False,False,False,False,False,True,False,False,False,False,True
ORD200529,2024-04-07,C21181,Tablet,2,675.1,938 Main St,TRK50363421,4,FREESHIP,1350.2,1,4,337.5491561271097,False,False,False,False,False,True,False,False,False,True,False,False
ORD200530,2024-07-18,C98450,Chair,4,89.41,613 Main St,TRK14809530,9,,357.64,0,7,39.737733624740414,False,False,False,True,False,True,False,False,False,True,False,False
ORD200531,2024-07-02,C64502,Desk,5,320.01,722 Main St,TRK14914388,6,,1600.05,0,7,266.67455554240746,False,False,True,False,True,False,False,False,False,False,False,True
ORD200532,2025-05-03,C47365,Laptop,2,41.0,369 Main St,TRK42207882,7,,82.0,0,5,11.714268979615744,False,False,False,True,True,False,False,False,False,False,False,False
ORD200533,2023-03-05,C66349,Desk,1,565.85,715 Main St,TRK63550793,1,FREESHIP,565.85,1,3,565.8443415565844,False,False,True,False,False,False,True,False,True,False,False,False
ORD200534,2024-06-06,C73289,Chair,3,648.59,906 Main St,TRK70872738,4,SAVE10,1945.77,1,6,486.4412838967903,False,True,False,False,False,False,False,False,False,False,False,False
ORD200535,2024-07-24,C48649,Monitor,3,68.12,332 Main St,TRK45821445,3,FREESHIP,204.36,1,7,68.11977293409022,False,False,False,True,False,False,False,False,False,False,False,False
ORD200536,2024-06-09,C18724,Chair,1,616.1,124 Main St,TRK52508861,6,,616.1,0,6,102.68316219472969,False,False,False,False,False,False,True,False,False,False,False,False
ORD200537,2025-03-23,C68553,Tablet,3,247.47,385 Main St,TRK58218971,4,SAVE10,742.41,1,3,185.60203599491,False,False,False,True,True,False,False,False,True,False,False,False
ORD200538,2024-05-24,C61280,Phone,3,490.74,100 Main St,TRK95487711,3,WINTER15,1472.22,1,5,490.7383642054526,False,False,False,False,False,False,False,True,False,False,False,False
ORD200539,2025-02-18,C53277,Desk,3,531.72,473 Main St,TRK17653832,7,SAVE10,1595.16,1,2,227.87967445760793,False,False,True,False,True,False,False,False,False,True,False,False
ORD200540,2024-01-29,C87281,Laptop,5,648.65,852 Main St,TRK81765057,7,,3243.25,0,1,463.32076668461906,False,False,False,True,False,True,False,False,False,False,False,True
ORD200541,2023-08-07,C69009,Printer,5,456.06,879 Main St,TRK61295842,10,,2280.3,0,8,228.02977197022807,False,False,False,False,False,True,False,False,False,False,True,False
ORD200542,2023-11-14,C49726,Tablet,1,17.98,934 Main St,TRK20739460,6,FREESHIP,17.98,1,11,2.9966616722305464,False,False,False,False,False,False,False,False,False,False,False,False
ORD200543,2024-03-09,C37531,Desk,5,269.86,354 Main St,TRK93877673,6,WINTER15,1349.3,1,3,224.88295852840247,False,False,False,False,False,False,False,True,True,False,False,False
ORD200544,2024-03-10,C48713,Printer,5,31.96,373 Main St,TRK96334419,5,FREESHIP,159.8,1,3,31.959936080127843,True,False,False,False,False,False,True,False,False,False,False,True
ORD200545,2023-12-19,C74138,Monitor,2,98.47,964 Main St,TRK74091695,3,,196.94,0,12,65.64644784517385,False,False,False,False,False,False,True,False,False,False,True,False
ORD200546,2024-03-01,C82399,Monitor,1,158.68,928 Main St,TRK77177284,6,WINTER15,158.68,1,3,26.446622588962356,True,False,False,False,False,False,True,False,False,False,True,False
ORD200547,2023-08-20,C40427,Phone,1,613.98,411 Main St,TRK25392280,4,FREESHIP,613.98,1,8,153.49461626345936,False,False,False,True,True,False,False,False,True,False,False,False
ORD200548,2024-01-05,C17103,Printer,3,426.12,922 Main St,TRK64398650,5,WINTER15,1278.36,1,1,255.67148865702268,False,False,False,True,True,False,False,False,False,False,True,False
ORD200549,2025-02-25,C34266,Monitor,4,629.88,550 Main St,TRK56378197,8,WINTER15,2519.52,1,2,314.9396063254921,False,True,False,False,False,False,False,False,False,False,True,False
ORD200550,2023-10-29,C97485,Laptop,4,228.91,573 Main St,TRK81794737,4,FREESHIP,915.64,1,10,228.9094277264307,False,False,False,False,False,False,False,True,False,True,False,False
ORD200551,2023-05-18,C23947,Laptop,1,120.98,353 Main St,TRK74812710,6,WINTER15,120.98,1,5,20.163299727833788,False,True,False,False,True,False,False,False,False,False,False,False
ORD200552,2023-09-30,C21665,Chair,4,425.18,560 Main St,TRK29890761,8,WINTER15,1700.72,1,9,212.5897342628322,False,False,False,True,False,False,True,False,True,False,False,False
ORD200553,2023-08-23,C82550,Phone,2,333.83,828 Main St,TRK74103758,4,FREESHIP,667.66,1,8,166.9145827135432,False,False,True,False,False,False,False,False,False,False,False,True
ORD200554,2025-05-30,C61943,Laptop,2,492.9,610 Main St,TRK66126496,5,FREESHIP,985.8,1,5,197.15960568078864,False,False,False,False,False,False,True,False,False,False,True,False
ORD200555,2023-01-07,C88933,Tablet,1,92.04,333 Main St,TRK89306964,2,,92.04,0,1,46.0197699011505,False,False,False,False,False,False,False,True,True,False,False,False
ORD200556,2023-01-28,C30923,Laptop,1,654.27,932 Main St,TRK82609328,2,SAVE10,654.27,1,1,327.1333643331783,False,False,True,False,False,True,False,False,True,False,False,False
ORD200557,2023-06-29,C56969,Tablet,1,56.2,130 Main St,TRK40719215,1,WINTER15,56.2,1,6,56.199438005619946,False,True,False,False,False,True,False,False,True,False,False,False
ORD200558,2024-07-16,C76766,Phone,4,628.12,485 Main St,TRK32052962,6,WINTER15,2512.48,1,7,418.74596875671875,False,False,False,True,True,False,False,False,False,False,True,False
ORD200559,2024-04-15,C22981,Desk,3,157.4,454 Main St,TRK10115285,7,WINTER15,472.2,1,4,67.45704648993359,False,True,False,False,False,False,False,False,False,False,False,False
ORD200560,2023-01-31,C33634,Monitor,4,588.85,524 Main St,TRK93168008,7,,2355.4,0,1,336.48523359252346,False,False,True,False,False,True,False,False,False,False,False,False
ORD200561,2023-01-31,C96822,Printer,2,494.78,198 Main St,TRK89180077,2,,989.56,0,1,494.7775261123694,False,False,False,True,False,False,False,True,False,True,False,False
ORD200562,2023-10-06,C76675,Laptop,3,663.93,922 Main St,TRK28043915,6,FREESHIP,1991.79,1,10,331.96444672592213,False,False,True,False,False,False,True,False,False,False,False,False
ORD200563,2023-12-12,C12039,Laptop,1,132.68,844 Main St,TRK68645763,1,SAVE10,132.68,1,12,132.67867321326787,False,True,False,False,False,False,True,False,False,False,False,True
ORD200564,2025-04-08,C93309,Desk,5,364.28,734 Main St,TRK99446987,5,WINTER15,1821.4,1,4,364.2792714414572,True,False,False,False,False,False,False,False,False,True,False,False
ORD200565,2023-05-14,C62042,Tablet,5,307.98,214 Main St,TRK42605492,10,,1539.9,0,5,153.989846010154,False,False,False,True,False,True,False,False,True,False,False,False
ORD200566,2024-04-18,C83223,Phone,4,162.71,167 Main St,TRK54339083,7,FREESHIP,650.84,1,4,92.97701003284281,False,False,False,False,False,False,False,False,False,False,False,False
ORD200567,2024-09-30,C92575,Chair,5,492.94,153 Main St,TRK53579227,10,FREESHIP,2464.7,1,9,246.46975353024646,False,False,False,False,False,False,False,True,False,False,False,False
ORD200568,2023-03-10,C29072,Laptop,2,343.99,312 Main St,TRK72334047,4,,687.98,0,3,171.994570013575,False,False,False,True,True,False,False,False,False,True,False,False
ORD200569,2025-03-22,C25783,Desk,5,250.68,672 Main St,TRK13289741,8,SAVE10,1253.4,1,3,156.67480415649482,False,False,False,False,False,False,False,True,False,False,True,False
ORD200570,2024-12-27,C63727,Desk,2,362.14,122 Main St,TRK13611021,2,SAVE10,724.28,1,12,362.1381893090534,False,True,False,False,False,True,False,False,False,False,True,False
ORD200571,2024-11-23,C42365,Tablet,1,214.08,867 Main St,TRK39563288,2,WINTER15,214.08,1,11,107.039464802676,False,False,True,False,False,False,True,False,False,True,False,False
ORD200572,2023-11-11,C27438,Printer,1,70.32,341 Main St,TRK69125497,4,WINTER15,70.32,1,11,17.579956050109875,False,False,False,False,False,False,True,False,True,False,False,False
ORD200573,2023-01-25,C13205,Chair,5,421.42,522 Main St,TRK30686578,7,,2107.1,0,1,301.0138556944919,False,True,False,False,False,False,False,False,False,False,True,False
ORD200574,2024-01-24,C29685,Chair,5,384.69,275 Main St,TRK97733212,6,FREESHIP,1923.45,1,1,320.57446570922383,True,False,False,False,False,True,False,False,False,False,False,False
ORD200575,2023-06-07,C74005,Chair,5,448.15,528 Main St,TRK61640534,7,SAVE10,2240.75,1,6,320.1066855618778,False,False,True,False,False,False,True,False,False,True,False,False
ORD200576,2024-05-29,C14457,Laptop,5,79.08,747 Main St,TRK42517811,8,,395.4,0,5,49.42493821882723,False,False,False,False,False,True,False,False,True,False,False,False
ORD200577,2023-01-22,C77046,Tablet,4,185.41,967 Main St,TRK44401497,9,WINTER15,741.64,1,1,82.40435288405236,False,False,False,True,False,False,True,False,False,True,False,False
ORD200578,2024-10-10,C50415,Monitor,5,566.07,587 Main St,TRK41345634,6,SAVE10,2830.35,1,10,471.724213792977,True,False,False,False,True,False,False,False,False,False,True,False
ORD200579,2023-06-04,C73999,Tablet,2,187.88,413 Main St,TRK67919507,4,WINTER15,375.76,1,6,93.93976515058714,False,False,False,True,False,False,False,True,True,False,False,False
ORD200580,2023-11-14,C71076,Monitor,2,255.99,340 Main St,TRK65148292,4,SAVE10,511.98,1,11,127.99468001329998,True,False,False,False,True,False,False,False,False,False,True,False
ORD200581,2024-11-11,C44674,Laptop,1,627.34,942 Main St,TRK87158684,1,,627.34,0,11,627.3337266627334,False,False,False,True,True,False,False,False,False,False,False,True
ORD200582,2024-02-19,C15228,Tablet,3,474.14,558 Main St,TRK33860620,8,WINTER15,1422.42,1,2,177.80227774715283,False,False,True,False,False,False,False,True,False,True,False,False
ORD200583,2025-06-15,C27072,Chair,3,154.37,996 Main St,TRK29750379,4,,463.11,0,6,115.77721055697363,False,False,True,False,True,False,False,False,False,False,True,False
ORD200584,2025-03-21,C15257,Chair,4,145.05,626 Main St,TRK28779938,6,SAVE10,580.2,1,3,96.69983883360196,False,False,False,True,True,False,False,False,False,True,False,False
ORD200585,2023-08-20,C91486,Tablet,4,67.08,907 Main St,TRK79617136,8,WINTER15,268.32,1,8,33.539958075052404,False,False,False,False,False,False,True,False,False,True,False,False
ORD200586,2024-11-10,C17389,Monitor,1,522.08,905 Main St,TRK98857880,5,FREESHIP,522.08,1,11,104.41579116841768,False,False,True,False,False,False,True,False,False,False,False,True
ORD200587,2023-06-12,C18820,Monitor,5,514.6,347 Main St,TRK91547425,10,FREESHIP,2573.0,1,6,257.2997427002573,False,False,True,False,True,False,False,False,False,False,True,False
ORD200588,2024-12-10,C61849,Monitor,4,577.82,811 Main St,TRK47613918,9,,2311.28,0,12,256.8086035459961,True,False,False,False,True,False,False,False,False,True,False,False
ORD200589,2025-02-10,C84041,Laptop,2,500.8,900 Main St,TRK84920444,3,FREESHIP,1001.6,1,2,333.8655537814874,False,False,False,False,True,False,False,False,False,False,False,True
ORD200590,2023-09-10,C55757,Printer,2,461.13,175 Main St,TRK27356242,4,,922.26,0,9,230.56442358894105,False,False,True,False,False,False,True,False,False,False,False,False
ORD200591,2024-11-18,C18187,Laptop,1,605.28,470 Main St,TRK50528185,3,FREESHIP,605.28,1,11,201.75932746890842,False,False,True,False,False,False,False,True,False,False,False,True
ORD200592,2024-04-23,C42306,Phone,3,204.27,938 Main St,TRK15499648,4,,612.81,0,4,153.20211699470752,False,False,False,True,False,False,True,False,False,True,False,False
ORD200593,2023-08-02,C51024,Monitor,1,489.8,636 Main St,TRK31375086,4,FREESHIP,489.8,1,8,122.44969387576532,False,False,True,False,False,False,False,True,True,False,False,False
ORD200594,2024-02-21,C40140,Phone,5,72.64,598 Main St,TRK12671989,7,,363.2,0,2,51.8856401633712,True,False,False,False,False,False,False,False,False,False,False,False
ORD200595,2025-01-10,C72596,Printer,2,385.16,491 Main St,TRK83870446,7,SAVE10,770.32,1,1,110.04555707777561,False,False,False,True,False,True,False,False,False,False,False,False
ORD200596,2023-06-12,C91805,Desk,3,606.41,653 Main St,TRK34504030,7,FREESHIP,1819.23,1,6,259.88962872910184,False,True,False,False,False,False,True,False,True,False,False,False
ORD200597,2024-11-25,C40538,Desk,2,211.82,700 Main St,TRK29821356,4,WINTER15,423.64,1,11,105.90973522566195,False,False,True,False,False,False,False,False,False,False,False,False
ORD200598,2024-04-26,C60329,Desk,5,495.35,826 Main St,TRK59069987,5,,2476.75,0,4,495.3490093019814,True,False,False,False,False,True,False,False,True,False,False,False
ORD200599,2023-06-30,C28740,Chair,3,556.99,123 Main St,TRK33642221,4,FREESHIP,1670.97,1,6,417.7414556463609,False,False,False,True,False,False,False,False,True,False,False,False
ORD200600,2023-05-26,C87051,Printer,1,72.31,460 Main St,TRK82056333,1,FREESHIP,72.31,1,5,72.30927690723092,False,False,True,False,False,False,False,False,True,False,False,False
ORD200601,2023-10-02,C12479,Monitor,5,24.82,529 Main St,TRK73935314,10,,124.1,0,10,12.40998759001241,True,False,False,False,False,False,False,True,False,False,False,True
ORD200602,2024-03-05,C35852,Tablet,4,26.04,982 Main St,TRK64660134,5,SAVE10,104.16,1,3,20.83195833608333,False,False,False,True,False,True,False,False,False,False,True,False
ORD200603,2024-10-04,C26223,Tablet,1,657.07,800 Main St,TRK50900547,4,SAVE10,657.07,1,10,164.2670893322767,False,False,False,False,False,True,False,False,False,True,False,False
ORD200604,2025-06-22,C99214,Chair,3,32.62,252 Main St,TRK81368481,6,,97.86,0,6,16.309972816711973,False,True,False,False,True,False,False,False,True,False,False,False
ORD200605,2024-05-10,C49605,Monitor,2,228.91,892 Main St,TRK95620066,4,SAVE10,457.82,1,5,114.45471386321535,False,True,False,False,False,False,False,True,False,False,False,True
ORD200606,2024-11-06,C85018,Laptop,3,274.75,783 Main St,TRK54128886,3,SAVE10,824.25,1,11,274.7490841697194,False,False,False,False,False,False,False,False,False,True,False,False
ORD200607,2025-05-31,C96434,Printer,4,634.05,282 Main St,TRK56730647,6,SAVE10,2536.2,1,5,422.69929550117416,False,False,False,False,False,False,False,True,False,True,False,False
ORD200608,2024-07-24,C32956,Laptop,5,543.16,788 Main St,TRK73140103,6,SAVE10,2715.8,1,7,452.6325789457018,False,False,False,True,False,False,False,False,False,False,True,False
ORD200609,2025-01-27,C41137,Chair,3,449.13,809 Main St,TRK52732162,5,WINTER15,1347.39,1,1,269.477461045078,False,False,False,False,False,False,True,False,False,False,False,True
ORD200610,2024-06-16,C60361,Desk,5,389.62,623 Main St,TRK83566924,7,FREESHIP,1948.1,1,6,278.2996024291394,False,False,False,False,False,False,True,False,True,False,False,False
ORD200611,2023-04-21,C36688,Desk,1,305.17,700 Main St,TRK35720426,3,WINTER15,305.17,1,4,101.72299425668581,False,False,True,False,False,False,True,False,False,False,False,True
ORD200612,2023-06-02,C51811,Chair,3,445.12,339 Main St,TRK82377939,8,,1335.36,0,6,166.9197913502608,False,False,True,False,False,False,False,False,False,True,False,False
ORD200613,2024-12-19,C62405,Laptop,2,230.36,154 Main St,TRK14721763,4,WINTER15,460.72,1,12,115.17971205071989,False,False,False,True,False,False,True,False,False,False,False,False
ORD200614,2024-03-08,C77363,Phone,1,96.81,807 Main St,TRK12439827,3,,96.81,0,3,32.269892433691886,False,False,True,False,False,False,False,False,False,False,False,True
ORD200615,2025-03-07,C97218,Monitor,5,460.14,252 Main St,TRK52632065,10,WINTER15,2300.7,1,3,230.06976993023005,True,False,False,False,False,False,True,False,True,False,False,False
ORD200616,2024-10-17,C43919,Tablet,3,601.6,984 Main St,TRK73113192,7,SAVE10,1804.8,1,10,257.828203102567,True,False,False,False,False,False,False,False,True,False,False,False
ORD200617,2024-02-08,C57093,Tablet,3,184.47,834 Main St,TRK75469057,4,,553.41,0,2,138.3521541196147,False,False,False,True,False,False,False,False,False,False,False,True
ORD200618,2024-09-03,C50565,Tablet,1,411.34,399 Main St,TRK97981418,5,,411.34,0,9,82.26783546432907,False,True,False,False,False,False,True,False,False,False,True,False
ORD200619,2024-07-16,C38845,Laptop,1,532.89,764 Main St,TRK47637374,2,,532.89,0,7,266.4436677816611,False,False,True,False,False,True,False,False,False,False,False,True
ORD200620,2024-03-27,C84834,Tablet,3,136.34,866 Main St,TRK90136001,8,SAVE10,409.02,1,3,51.12743609070489,False,True,False,False,False,False,True,False,False,False,False,True
ORD200621,2023-10-22,C37455,Phone,5,476.01,146 Main St,TRK82685594,7,WINTER15,2380.05,1,10,340.006657133347,True,False,False,False,True,False,False,False,False,True,False,False
ORD200622,2024-11-02,C27078,Desk,5,236.38,128 Main St,TRK89314307,7,,1181.9,0,11,168.84261593912012,True,False,False,False,False,False,True,False,True,False,False,False
ORD200623,2023-06-16,C91941,Printer,3,396.0,269 Main St,TRK21330732,4,FREESHIP,1188.0,1,6,296.9992575018563,False,False,True,False,False,False,False,False,False,False,True,False
ORD200624,2024-01-16,C25967,Tablet,5,341.96,747 Main St,TRK88559278,6,,1709.8,0,1,284.9661917230138,False,True,False,False,True,False,False,False,False,False,False,False
ORD200625,2023-09-24,C22123,Tablet,1,672.89,519 Main St,TRK43250279,1,WINTER15,672.89,1,9,672.8832711672883,True,False,False,False,False,True,False,False,False,False,False,False
ORD200626,2024-03-01,C45671,Tablet,2,657.48,769 Main St,TRK18179773,5,SAVE10,1314.96,1,3,262.991474017052,False,False,False,True,False,False,False,True,False,False,False,True
ORD200627,2023-08-06,C53334,Chair,3,498.68,879 Main St,TRK31724421,4,FREESHIP,1496.04,1,8,374.0090649773376,False,False,False,True,False,False,True,False,False,False,False,False
ORD200628,2023-03-26,C18717,Printer,5,558.63,861 Main St,TRK58568806,8,FREESHIP,2793.15,1,3,349.1433135708581,False,False,False,False,False,True,False,False,False,False,False,True
ORD200629,2023-07-07,C50137,Phone,3,19.73,840 Main St,TRK91836131,3,,59.19,0,7,19.729934233552555,False,False,False,True,False,True,False,False,False,False,False,True
ORD200630,2023-06-23,C51481,Monitor,5,248.84,140 Main St,TRK33437701,10,,1244.2,0,6,124.41987558012443,False,True,False,False,False,False,False,False,False,False,True,False
ORD200631,2024-08-31,C99128,Chair,3,46.11,360 Main St,TRK32426808,5,WINTER15,138.33,1,8,27.66594466811067,False,False,True,False,False,False,True,False,False,False,False,True
ORD200632,2023-05-02,C67260,Laptop,5,678.16,463 Main St,TRK38229104,7,WINTER15,3330.4075,1,5,475.77182032597096,False,False,True,False,True,False,False,False,True,False,False,False
ORD200633,2024-04-10,C79533,Laptop,5,601.72,921 Main St,TRK54711422,5,WINTER15,3008.6,1,4,601.7187965624069,False,False,True,False,False,False,False,False,False,False,True,False
ORD200634,2024-04-25,C66906,Printer,2,259.32,117 Main St,TRK31633755,2,WINTER15,518.64,1,4,259.31870340648294,False,False,True,False,True,False,False,False,False,False,False,True
ORD200635,2023-12-13,C12818,Chair,3,63.68,434 Main St,TRK40879983,6,,191.04,0,12,31.83994693342178,False,False,False,False,False,False,True,False,True,False,False,False
ORD200636,2023-10-05,C60384,Laptop,4,371.07,336 Main St,TRK92080037,7,WINTER15,1484.28,1,10,212.03969708614702,False,False,False,False,False,False,False,False,True,False,False,False
ORD200637,2024-09-29,C92294,Chair,4,306.35,784 Main St,TRK23585765,7,WINTER15,1225.4,1,9,175.05689277586748,False,False,True,False,False,False,False,True,False,False,False,True
ORD200638,2023-10-15,C66840,Tablet,4,578.27,547 Main St,TRK76929637,9,WINTER15,2313.08,1,10,257.0086033237741,False,False,False,True,True,False,False,False,False,False,False,False
ORD200639,2023-01-20,C22534,Chair,1,529.19,391 Main St,TRK17415798,5,,529.19,0,1,105.83778832442337,False,False,False,False,False,False,False,False,False,False,False,True
ORD200640,2024-02-27,C46509,Chair,2,587.49,647 Main St,TRK24241664,6,SAVE10,1174.98,1,2,195.82967361721066,False,False,True,False,False,False,True,False,False,False,False,True
ORD200641,2024-06-30,C71680,Printer,4,567.57,814 Main St,TRK47386650,9,WINTER15,2270.28,1,6,252.2530530521633,False,True,False,False,False,True,False,False,False,True,False,False
ORD200642,2024-04-29,C15063,Chair,5,85.22,527 Main St,TRK10329390,7,FREESHIP,426.1,1,4,60.87134161236913,True,False,False,False,False,False,False,False,False,False,False,False
ORD200643,2024-08-26,C77122,Laptop,1,438.37,647 Main St,TRK75814880,4,SAVE10,438.37,1,8,109.59222601943496,False,False,False,False,False,False,False,False,False,False,False,True
ORD200644,2023-11-15,C86524,Chair,2,366.23,961 Main St,TRK62490506,2,WINTER15,732.46,1,11,366.2281688591557,False,False,False,False,False,False,False,True,False,False,False,False
ORD200645,2023-01-02,C82990,Laptop,2,150.05,727 Main St,TRK68574801,4,SAVE10,300.1,1,1,75.02481243796892,True,False,False,False,False,False,False,False,True,False,False,False
ORD200646,2023-10-27,C98761,Chair,4,498.51,804 Main St,TRK43262630,4,SAVE10,1994.04,1,10,498.5087537281157,False,True,False,False,False,False,False,True,False,True,False,False
ORD200647,2025-04-24,C54409,Desk,3,339.39,667 Main St,TRK67671316,7,FREESHIP,1018.17,1,4,145.45264935335805,False,False,False,False,False,False,True,False,False,True,False,False
ORD200648,2025-01-18,C89674,Monitor,2,575.83,182 Main St,TRK45902512,3,WINTER15,1151.66,1,1,383.88538704870984,False,False,False,True,True,False,False,False,False,False,False,True
ORD200649,2023-12-23,C45899,Monitor,2,642.98,153 Main St,TRK32932093,7,FREESHIP,1285.96,1,12,183.70830898813003,False,True,False,False,False,False,True,False,False,False,False,False
ORD200650,2023-05-18,C74499,Desk,2,372.23,518 Main St,TRK93767278,7,SAVE10,744.46,1,5,106.35127664103338,False,False,True,False,True,False,False,False,False,False,False,False
ORD200651,2024-11-12,C81192,Chair,3,646.34,429 Main St,TRK76931118,5,,1939.02,0,11,387.80322439355126,False,True,False,False,False,True,False,False,False,True,False,False
ORD200652,2024-06-05,C71473,Chair,5,341.84,328 Main St,TRK94857335,8,FREESHIP,1709.2,1,6,213.64973293783385,False,False,False,True,False,False,False,True,False,False,True,False
ORD200653,2024-02-25,C59338,Printer,3,690.3,747 Main St,TRK12902764,6,WINTER15,2070.9,1,2,345.14942475095876,True,False,False,False,False,False,False,True,False,True,False,False
ORD200654,2023-06-12,C62661,Tablet,3,382.37,863 Main St,TRK25748100,8,,1147.11,0,6,143.38857076428653,False,True,False,False,False,False,True,False,False,False,True,False
ORD200655,2023-03-14,C22101,Chair,2,132.6,262 Main St,TRK70711522,4,WINTER15,265.2,1,3,66.29983425041438,False,True,False,False,False,False,False,False,False,False,False,False
ORD200656,2024-01-18,C51404,Monitor,2,189.06,835 Main St,TRK85682500,7,SAVE10,378.12,1,1,54.01706568990616,False,False,True,False,False,False,False,True,True,False,False,False
ORD200657,2023-12-24,C19384,Tablet,4,87.79,532 Main St,TRK33207064,6,FREESHIP,351.16,1,12,58.52656912238481,False,False,False,False,False,False,False,False,False,False,True,False
ORD200658,2025-04-18,C86864,Printer,2,46.36,670 Main St,TRK15323191,4,SAVE10,92.72,1,4,23.179942050144877,False,False,True,False,False,False,True,False,False,True,False,False
ORD200659,2024-10-26,C24301,Phone,2,642.04,964 Main St,TRK55000075,4,WINTER15,1284.08,1,10,321.0191974520064,False,False,True,False,True,False,False,False,False,False,False,False
ORD200660,2024-10-19,C43842,Chair,2,651.57,933 Main St,TRK54084424,7,WINTER15,1303.14,1,10,186.1625911962983,False,True,False,False,False,False,False,True,True,False,False,False
ORD200661,2025-02-28,C63657,Tablet,3,424.89,116 Main St,TRK86378984,6,FREESHIP,1274.67,1,2,212.44464592559015,False,True,False,False,False,False,False,False,False,True,False,False
ORD200662,2023-01-28,C98332,Laptop,3,438.89,985 Main St,TRK85744797,3,,1316.67,0,1,438.8885370382099,False,False,False,False,False,False,True,False,True,False,False,False
ORD200663,2024-04-15,C59774,Monitor,1,72.6,941 Main St,TRK87635135,6,FREESHIP,72.6,1,4,12.099979833366945,False,True,False,False,False,False,False,False,False,False,True,False
ORD200664,2024-12-19,C14847,Laptop,4,194.75,188 Main St,TRK46492755,5,,779.0,0,12,155.7996884006232,False,False,False,False,False,False,False,True,True,False,False,False
ORD200665,2023-05-02,C83653,Tablet,4,231.26,253 Main St,TRK32619935,6,WINTER15,925.04,1,5,154.17307637820605,False,False,False,True,False,False,False,True,False,True,False,False
ORD200666,2024-08-31,C35711,Monitor,4,327.12,788 Main St,TRK45281495,4,,1308.48,0,8,327.11918220204456,True,False,False,False,False,False,False,False,False,False,False,False
ORD200667,2023-05-03,C10477,Laptop,1,466.42,172 Main St,TRK41505339,5,SAVE10,466.42,1,5,93.28381343237315,False,False,True,False,False,True,False,False,False,False,False,False
ORD200668,2024-07-05,C61257,Monitor,2,253.67,981 Main St,TRK25226070,3,WINTER15,507.34,1,7,169.11276962410125,False,False,False,False,False,False,True,False,True,False,False,False
ORD200669,2023-02-05,C60547,Desk,1,257.0,812 Main St,TRK65694249,5,,257.0,0,2,51.3998972002056,False,True,False,False,False,False,False,False,False,False,False,True
ORD200670,2024-04-18,C14576,Desk,4,539.2,747 Main St,TRK21637540,8,FREESHIP,2156.8,1,4,269.5996630004213,True,False,False,False,False,True,False,False,False,True,False,False
ORD200671,2023-06-15,C49282,Chair,5,50.74,737 Main St,TRK88653901,7,WINTER15,253.7,1,6,36.24280536742091,False,False,True,False,False,False,False,False,False,True,False,False
ORD200672,2023-05-09,C14017,Phone,2,624.16,984 Main St,TRK71009446,2,SAVE10,1248.32,1,5,624.1568792156039,False,True,False,False,False,False,False,True,False,False,True,False
ORD200673,2023-02-21,C46504,Tablet,2,372.92,131 Main St,TRK95024356,7,SAVE10,745.84,1,2,106.54841921654399,True,False,False,False,True,False,False,False,False,False,False,False
ORD200674,2024-01-09,C56928,Laptop,4,358.75,860 Main St,TRK57792939,9,SAVE10,1435.0,1,1,159.44426728414746,False,False,True,False,True,False,False,False,True,False,False,False
ORD200675,2024-08-06,C97749,Desk,3,342.02,906 Main St,TRK90233116,5,,1026.06,0,8,205.21158957682084,False,True,False,False,False,True,False,False,False,False,False,False
ORD200676,2025-06-23,C90431,Laptop,2,422.34,985 Main St,TRK44151723,4,FREESHIP,844.68,1,6,211.1694720763198,True,False,False,False,False,False,False,False,False,False,True,False
ORD200677,2025-04-03,C56722,Tablet,5,22.07,179 Main St,TRK78778569,7,FREESHIP,110.35,1,4,15.764263193909724,False,False,False,True,False,False,False,False,False,False,True,False
ORD200678,2024-11-24,C40863,Chair,3,163.13,457 Main St,TRK20553345,5,WINTER15,489.39,1,11,97.87780424439151,False,False,True,False,False,False,False,True,True,False,False,False
ORD200679,2023-02-02,C40798,Tablet,3,360.66,304 Main St,TRK66106697,5,FREESHIP,1081.98,1,2,216.3955672088656,False,False,False,True,False,False,True,False,False,False,True,False
ORD200680,2023-08-27,C16702,Monitor,3,463.39,694 Main St,TRK16953491,3,,1390.17,0,8,463.38845537181544,True,False,False,False,False,False,True,False,True,False,False,False
ORD200681,2024-01-30,C38262,Tablet,1,155.27,548 Main St,TRK47300502,6,,155.27,0,1,25.878290202849666,False,True,False,False,False,False,False,True,False,False,False,False
ORD200682,2023-07-23,C50274,Monitor,3,509.42,449 Main St,TRK91729086,5,FREESHIP,1528.26,1,7,305.6513886972226,True,False,False,False,False,False,False,False,False,True,False,False
ORD200683,2025-05-18,C91591,Desk,4,652.48,887 Main St,TRK23554043,5,FREESHIP,2609.92,1,5,521.982956034088,False,False,False,False,False,True,False,False,False,False,True,False
ORD200684,2024-09-22,C96583,Printer,4,34.84,288 Main St,TRK64353241,8,,139.36,0,9,17.419978225027222,True,False,False,False,False,False,False,True,False,False,False,False
ORD200685,2025-02-07,C64579,Desk,1,234.37,638 Main St,TRK10276565,5,FREESHIP,234.37,1,2,46.8739062521875,False,True,False,False,False,False,False,True,False,False,False,False
ORD200686,2023-10-09,C41903,Desk,3,53.6,525 Main St,TRK59112382,4,WINTER15,160.8,1,10,40.199899500251256,False,False,False,False,False,True,False,False,True,False,False,False
ORD200687,2023-09-13,C19742,Tablet,1,332.09,408 Main St,TRK68845230,5,FREESHIP,332.09,1,9,66.41786716426567,False,False,True,False,False,False,True,False,False,False,True,False
ORD200688,2024-03-06,C20077,Monitor,4,593.22,154 Main St,TRK36415742,8,WINTER15,2372.88,1,3,296.6096292379635,True,False,False,False,False,False,False,False,True,False,False,False
ORD200689,2023-08-29,C13186,Tablet,2,444.84,787 Main St,TRK56967415,7,,889.68,0,8,127.0969612900553,False,False,False,True,False,False,False,True,True,False,False,False
ORD200690,2024-07-12,C29318,Monitor,1,24.48,128 Main St,TRK88666721,1,,24.48,0,7,24.479755202447976,False,False,True,False,False,False,True,False,False,False,True,False
ORD200691,2024-11-24,C36137,Laptop,3,239.08,396 Main St,TRK57376416,8,,717.24,0,11,89.65488793139009,False,False,False,False,False,False,False,True,False,True,False,False
ORD200692,2023-01-23,C25534,Desk,5,196.84,319 Main St,TRK68347402,5,WINTER15,984.2,1,1,196.8396063207874,True,False,False,False,True,False,False,False,False,False,True,False
ORD200693,2025-03-12,C62070,Monitor,1,176.58,674 Main St,TRK10267127,4,,176.58,0,3,44.14488963777591,False,True,False,False,False,False,True,False,False,False,False,True
ORD200694,2023-10-02,C92049,Printer,4,666.52,619 Main St,TRK32287092,8,FREESHIP,2666.08,1,10,333.2595834255207,False,False,False,False,False,False,False,True,False,False,False,False
ORD200695,2024-11-23,C52604,Printer,5,101.3,553 Main St,TRK48839788,7,FREESHIP,506.5,1,11,72.35703948994359,False,False,False,True,False,False,False,True,False,False,False,False
ORD200696,2023-07-02,C22429,Chair,4,151.2,965 Main St,TRK38572927,9,WINTER15,604.8,1,7,67.19992533341629,False,False,True,False,False,True,False,False,True,False,False,False
ORD200697,2025-02-04,C27430,Printer,5,94.85,788 Main St,TRK45025840,6,WINTER15,474.25,1,2,79.04153493077511,False,False,False,False,False,False,False,True,False,False,False,False
ORD200698,2023-01-04,C44366,Laptop,2,388.22,169 Main St,TRK48658394,2,WINTER15,776.44,1,1,388.21805890970546,False,False,False,False,True,False,False,False,False,False,True,False
ORD200699,2023-11-13,C36813,Laptop,3,614.15,897 Main St,TRK84088900,3,,1842.45,0,11,614.1479528401572,False,False,True,False,False,False,False,False,True,False,False,False
ORD200700,2024-09-25,C40201,Laptop,2,92.91,555 Main St,TRK30198779,3,WINTER15,185.82,1,9,61.93979353402155,False,False,False,False,False,False,True,False,False,False,True,False
ORD200701,2024-06-23,C75456,Monitor,3,92.22,115 Main St,TRK90519490,5,FREESHIP,276.66,1,6,55.33188933622134,True,False,False,False,True,False,False,False,False,False,False,False
ORD200702,2024-06-09,C33315,Printer,3,562.55,154 Main St,TRK43589369,6,,1687.65,0,6,281.2745312091147,False,True,False,False,False,False,True,False,False,False,False,False
ORD200703,2023-03-22,C89336,Desk,1,92.79,799 Main St,TRK47665103,3,WINTER15,92.79,1,3,30.929896900343667,False,False,False,False,False,True,False,False,False,False,False,False
ORD200704,2023-06-03,C96034,Desk,4,30.27,819 Main St,TRK87261034,9,FREESHIP,121.08,1,6,13.453318385201795,False,False,False,True,True,False,False,False,False,True,False,False
ORD200705,2025-03-30,C50114,Monitor,2,49.08,420 Main St,TRK20214786,7,FREESHIP,98.16,1,3,14.0228371102327,False,True,False,False,False,False,True,False,False,False,True,False
ORD200706,2025-03-02,C85330,Desk,5,228.09,969 Main St,TRK97693301,9,FREESHIP,1140.45,1,3,126.71652587052682,False,False,True,False,False,False,True,False,True,False,False,False
ORD200707,2024-11-01,C31761,Chair,4,650.04,989 Main St,TRK17628852,6,SAVE10,2600.16,1,11,433.3592777345371,False,False,True,False,False,False,False,False,True,False,False,False
ORD200708,2025-03-04,C25268,Printer,1,665.11,788 Main St,TRK20481215,3,FREESHIP,665.11,1,3,221.70259432468558,False,False,False,False,False,True,False,False,False,False,True,False
ORD200709,2024-12-07,C17132,Desk,1,386.03,855 Main St,TRK37504692,4,FREESHIP,386.03,1,12,96.50725873185317,False,False,False,True,False,True,False,False,False,True,False,False
ORD200710,2024-07-22,C48790,Laptop,5,21.54,113 Main St,TRK19086608,10,,107.7,0,7,10.76998923001077,False,False,True,False,False,False,True,False,False,True,False,False
ORD200711,2024-07-04,C61070,Tablet,2,475.78,632 Main St,TRK90764894,2,WINTER15,951.56,1,7,475.7776211118944,False,False,False,True,False,False,False,True,False,True,False,False
ORD200712,2024-01-09,C56969,Tablet,2,68.4,993 Main St,TRK10513339,7,FREESHIP,136.8,1,1,19.542829224529683,False,False,True,False,False,True,False,False,False,False,False,False
ORD200713,2025-06-21,C65056,Tablet,4,532.49,638 Main St,TRK31705278,6,SAVE10,2129.96,1,6,354.9927416787639,False,False,False,True,False,False,False,False,True,False,False,False
ORD200714,2023-04-21,C84888,Laptop,1,51.73,278 Main St,TRK23612847,1,FREESHIP,51.73,1,4,51.72948270517294,False,True,False,False,False,True,False,False,True,False,False,False
ORD200715,2024-07-26,C68266,Printer,3,653.63,281 Main St,TRK96161062,7,FREESHIP,1960.89,1,7,280.1267426760819,False,False,False,True,True,False,False,False,False,False,False,False
ORD200716,2024-06-13,C84115,Chair,3,454.29,891 Main St,TRK25466842,4,WINTER15,1362.87,1,6,340.71664820837947,True,False,False,False,False,True,False,False,False,True,False,False
ORD200717,2023-10-16,C50087,Chair,3,122.11,707 Main St,TRK31143760,4,WINTER15,366.33,1,10,91.5822710443224,False,False,False,True,True,False,False,False,False,False,False,False
ORD200718,2023-04-08,C16790,Laptop,4,64.74,718 Main St,TRK91791367,8,SAVE10,258.96,1,4,32.36995953755058,False,False,True,False,False,False,False,False,False,True,False,False
ORD200719,2024-01-21,C46920,Laptop,2,681.06,703 Main St,TRK86403837,3,FREESHIP,1362.12,1,1,454.03848653837815,False,True,False,False,False,False,False,True,True,False,False,False
ORD200720,2023-09-21,C12740,Desk,5,128.95,305 Main St,TRK98506513,10,FREESHIP,644.75,1,9,64.47493552506448,False,False,False,False,False,True,False,False,False,False,True,False
ORD200721,2024-03-18,C46557,Desk,2,118.59,890 Main St,TRK56110689,2,,237.18,0,3,118.58940705296473,True,False,False,False,True,False,False,False,False,False,False,False
ORD200722,2024-11-15,C58156,Printer,1,95.1,516 Main St,TRK49719458,1,WINTER15,95.1,1,11,95.0990490095099,False,False,True,False,False,True,False,False,False,False,True,False
ORD200723,2023-12-09,C14455,Desk,3,54.95,385 Main St,TRK50933724,8,SAVE10,164.85,1,12,20.606224242219696,False,False,False,False,False,False,True,False,False,False,False,True
ORD200724,2024-10-18,C63150,Printer,3,136.97,326 Main St,TRK19348078,4,FREESHIP,410.91,1,10,102.72724318189206,True,False,False,False,False,False,True,False,False,False,False,True
ORD200725,2023-03-12,C95269,Chair,2,194.85,372 Main St,TRK45670926,5,,389.7,0,3,77.93984412031176,False,False,True,False,False,False,True,False,False,False,False,True
ORD200726,2024-10-25,C18105,Laptop,4,583.02,338 Main St,TRK94006117,4,FREESHIP,2332.08,1,10,583.0185424536439,False,False,False,True,True,False,False,False,True,False,False,False
ORD200727,2024-09-29,C29063,Chair,5,95.75,379 Main St,TRK92745947,8,SAVE10,478.75,1,9,59.84367519540601,False,False,False,True,False,False,False,True,False,False,True,False
ORD200728,2024-07-29,C10154,Desk,4,325.76,827 Main St,TRK79793300,8,WINTER15,1303.04,1,7,162.8797964002545,False,False,True,False,False,False,False,True,False,False,False,False
ORD200729,2023-09-08,C36997,Phone,4,186.41,819 Main St,TRK92794872,6,SAVE10,745.64,1,9,124.27312621145632,False,False,True,False,False,True,False,False,False,True,False,False
ORD200730,2025-02-22,C77357,Phone,1,474.6,407 Main St,TRK91943923,4,SAVE10,474.6,1,2,118.64970337574158,False,True,False,False,True,False,False,False,False,False,False,False
ORD200731,2024-06-07,C71310,Printer,5,584.46,308 Main St,TRK48292586,8,,2922.3,0,6,365.2870433911958,True,False,False,False,False,False,True,False,False,False,False,False
ORD200732,2025-03-07,C80987,Laptop,1,132.05,787 Main St,TRK42187776,2,,132.05,0,3,66.02466987665062,False,False,False,True,True,False,False,False,False,True,False,False
ORD200733,2023-12-04,C90757,Tablet,4,494.84,694 Main St,TRK87991608,8,SAVE10,1979.36,1,12,247.4196907253866,False,False,False,False,False,False,True,False,False,False,False,False
ORD200734,2024-01-23,C51898,Printer,4,224.61,630 Main St,TRK19767885,6,WINTER15,898.44,1,1,149.7397504337493,True,False,False,False,False,False,True,False,True,False,False,False
ORD200735,2024-06-28,C94508,Monitor,4,44.07,359 Main St,TRK13443264,6,,176.28,0,6,29.379951033414947,False,True,False,False,False,True,False,False,False,False,False,False
ORD200736,2024-02-09,C59441,Monitor,5,418.53,696 Main St,TRK66186874,6,FREESHIP,2092.65,1,2,348.7744187093022,True,False,False,False,False,True,False,False,False,True,False,False
ORD200737,2024-01-03,C91029,Phone,4,532.87,972 Main St,TRK25501930,9,FREESHIP,2131.48,1,1,236.8308479657245,False,False,False,False,False,True,False,False,False,False,True,False
ORD200738,2025-06-04,C96261,Phone,2,485.37,264 Main St,TRK44998396,5,SAVE10,970.74,1,6,194.1476117047766,True,False,False,False,False,False,False,True,False,False,False,False
ORD200739,2024-06-13,C35123,Phone,4,386.73,513 Main St,TRK58979275,4,SAVE10,1546.92,1,6,386.72903317741714,False,False,False,False,True,False,False,False,True,False,False,False
ORD200740,2024-07-20,C10892,Desk,2,377.47,433 Main St,TRK76154554,7,,754.94,0,7,107.84841735940378,False,False,False,False,False,True,False,False,False,True,False,False
ORD200741,2025-01-23,C99683,Monitor,5,332.64,945 Main St,TRK87305883,10,,1663.2,0,1,166.31983368016634,False,False,True,False,True,False,False,False,False,False,False,True
ORD200742,2024-11-30,C41974,Laptop,3,699.93,726 Main St,TRK48051468,7,SAVE10,2099.79,1,11,299.96957147204074,False,False,False,False,False,False,True,False,False,True,False,False
ORD200743,2024-09-30,C23978,Monitor,1,576.35,549 Main St,TRK87090813,1,WINTER15,576.35,1,9,576.3442365576344,False,False,True,False,False,False,True,False,False,False,True,False
ORD200744,2024-06-12,C10642,Tablet,2,461.37,200 Main St,TRK98725693,5,SAVE10,922.74,1,6,184.5476309047382,False,False,False,False,True,False,False,False,False,True,False,False
ORD200745,2023-03-02,C73813,Printer,4,111.3,364 Main St,TRK89906749,7,FREESHIP,445.2,1,3,63.59990914298694,False,True,False,False,False,True,False,False,False,False,False,False
ORD200746,2025-02-24,C32183,Desk,3,661.89,551 Main St,TRK76287027,6,WINTER15,1985.67,1,2,330.94444842591935,False,False,False,True,False,False,False,False,False,False,False,True
ORD200747,2025-03-12,C54277,Tablet,2,259.58,940 Main St,TRK26500181,7,FREESHIP,519.16,1,3,74.16560833484523,False,True,False,False,True,False,False,False,False,False,True,False
ORD200748,2024-07-15,C56553,Tablet,3,70.81,249 Main St,TRK37667360,8,FREESHIP,212.43,1,7,26.55371680785399,True,False,False,False,False,False,False,True,False,False,False,True
ORD200749,2025-04-13,C17551,Laptop,1,518.39,997 Main St,TRK88797170,4,FREESHIP,518.39,1,4,129.59717600706,False,True,False,False,False,True,False,False,False,False,True,False
ORD200750,2023-01-14,C14737,Tablet,4,145.41,637 Main St,TRK10295115,7,FREESHIP,581.64,1,1,83.09130986955734,True,False,False,False,False,False,True,False,False,False,False,False
ORD200751,2023-01-24,C35168,Tablet,2,599.86,455 Main St,TRK76960854,7,FREESHIP,1199.72,1,1,171.3883265881049,False,False,True,False,False,True,False,False,True,False,False,False
ORD200752,2024-10-03,C82217,Phone,4,429.37,299 Main St,TRK33305694,8,FREESHIP,1717.48,1,10,214.68473164408545,True,False,False,False,True,False,False,False,False,True,False,False
ORD200753,2024-04-24,C42270,Phone,2,241.49,864 Main St,TRK72697796,7,FREESHIP,482.98,1,4,68.99704428993674,False,True,False,False,False,False,True,False,False,False,True,False
ORD200754,2025-05-31,C48846,Printer,2,452.05,983 Main St,TRK52804097,3,WINTER15,904.1,1,5,301.3656621144596,True,False,False,False,False,False,True,False,False,False,False,False
ORD200755,2023-06-13,C54160,Desk,3,336.71,658 Main St,TRK60515972,4,,1010.13,0,6,252.53186867032835,True,False,False,False,False,True,False,False,False,False,False,False
ORD200756,2024-06-27,C14080,Phone,1,283.69,202 Main St,TRK93163682,6,,283.69,0,6,47.28158786402023,False,False,True,False,False,False,False,True,False,True,False,False
ORD200757,2024-02-22,C81074,Desk,1,157.72,597 Main St,TRK91105190,2,FREESHIP,157.72,1,2,78.85960570197149,False,True,False,False,True,False,False,False,False,True,False,False
ORD200758,2023-03-26,C69021,Tablet,3,624.84,917 Main St,TRK57148510,8,WINTER15,1874.52,1,3,234.3147071066161,True,False,False,False,False,False,False,False,True,False,False,False
ORD200759,2023-07-24,C96283,Desk,3,308.01,366 Main St,TRK91784124,3,FREESHIP,924.03,1,7,308.0089733034223,False,False,False,False,False,True,False,False,True,False,False,False
ORD200760,2025-02-18,C96636,Desk,1,39.56,283 Main St,TRK73324346,5,,39.56,0,2,7.911984176031649,False,True,False,False,False,False,False,False,False,True,False,False
ORD200761,2023-06-02,C37235,Desk,4,37.76,217 Main St,TRK67789367,7,,151.04,0,6,21.577112032697094,False,True,False,False,True,False,False,False,False,True,False,False
ORD200762,2024-09-17,C12444,Phone,3,76.96,611 Main St,TRK97621403,8,FREESHIP,230.88,1,9,28.859963925045093,False,False,False,False,False,False,True,False,False,False,False,False
ORD200763,2023-04-06,C79142,Laptop,1,569.96,533 Main St,TRK30915955,4,FREESHIP,569.96,1,4,142.48964377589058,False,False,False,True,True,False,False,False,False,False,False,False
ORD200764,2024-03-10,C35983,Laptop,5,627.43,806 Main St,TRK14016163,10,FREESHIP,3137.15,1,3,313.71468628531375,True,False,False,False,False,False,False,False,False,False,False,False
ORD200765,2023-10-06,C36150,Laptop,2,534.91,281 Main St,TRK96249043,5,SAVE10,1069.82,1,10,213.96357207285587,False,True,False,False,False,False,True,False,False,True,False,False
ORD200766,2023-01-22,C91454,Printer,2,278.88,494 Main St,TRK99985340,3,FREESHIP,557.76,1,1,185.91938026873243,False,True,False,False,False,True,False,False,False,False,False,True
ORD200767,2025-04-18,C19368,Tablet,2,323.22,517 Main St,TRK80436037,7,,646.44,0,4,92.3484395022293,True,False,False,False,True,False,False,False,False,False,True,False
ORD200768,2023-09-04,C35987,Tablet,5,653.46,165 Main St,TRK28918815,9,WINTER15,3267.3,1,9,363.03292996341116,False,False,False,False,False,False,False,False,False,False,False,False
ORD200769,2023-07-06,C13366,Printer,4,678.55,568 Main St,TRK98691410,5,,2714.2,0,7,542.8389143221714,False,False,False,False,True,False,False,False,False,False,False,False
ORD200770,2024-02-11,C72166,Desk,1,314.38,227 Main St,TRK67733444,6,,314.38,0,2,52.39657933903444,False,False,False,True,False,False,True,False,False,True,False,False
ORD200771,2024-06-12,C20357,Phone,3,692.44,272 Main St,TRK82236408,8,FREESHIP,2077.32,1,6,259.66467541915574,False,True,False,False,False,False,False,False,False,True,False,False
ORD200772,2024-07-28,C33802,Monitor,1,604.87,461 Main St,TRK25799478,4,,604.87,0,7,151.21712195719513,False,False,False,True,True,False,False,False,False,False,True,False
ORD200773,2025-06-28,C99205,Phone,2,512.33,415 Main St,TRK48904015,7,,1024.66,0,6,146.37979088601304,False,False,False,False,False,False,False,False,True,False,False,False
ORD200774,2025-04-15,C29701,Chair,3,20.54,257 Main St,TRK42266846,3,FREESHIP,61.62,1,4,20.539931533561553,True,False,False,False,False,False,False,False,False,False,True,False
ORD200775,2023-03-04,C73941,Phone,2,625.22,569 Main St,TRK22051900,5,,1250.44,0,3,250.08749982500038,False,False,False,True,False,False,False,False,False,True,False,False
ORD200776,2023-08-21,C69168,Tablet,1,21.19,482 Main St,TRK10446197,5,WINTER15,21.19,1,8,4.237991524016953,False,False,False,False,False,False,True,False,False,True,False,False
ORD200777,2025-03-21,C66116,Chair,5,64.49,633 Main St,TRK41967983,7,,322.45,0,3,46.06421990825727,False,False,False,True,False,False,False,False,True,False,False,False
ORD200778,2023-04-28,C85059,Laptop,4,246.85,316 Main St,TRK56503740,8,WINTER15,987.4,1,4,123.42484571894285,True,False,False,False,False,False,False,True,False,True,False,False
ORD200779,2023-12-01,C18076,Phone,3,588.74,751 Main St,TRK26661705,8,FREESHIP,1766.22,1,12,220.77722402847,False,True,False,False,False,True,False,False,False,False,False,False
ORD200780,2024-03-31,C41284,Laptop,4,184.48,661 Main St,TRK73613128,4,WINTER15,737.92,1,3,184.479538801153,False,False,False,True,False,False,False,False,False,True,False,False
ORD200781,2024-01-10,C43524,Phone,5,524.26,934 Main St,TRK51479426,5,FREESHIP,2621.3,1,1,524.2589514820971,False,False,True,False,True,False,False,False,False,False,False,True
ORD200782,2024-08-11,C58063,Monitor,2,493.63,167 Main St,TRK50548869,6,SAVE10,987.26,1,8,164.5430590949015,False,False,False,True,False,False,True,False,False,False,False,True
ORD200783,2025-05-26,C19937,Printer,1,438.34,281 Main St,TRK46990083,5,FREESHIP,438.34,1,5,87.66782466435068,False,False,True,False,False,False,True,False,True,False,False,False
ORD200784,2025-05-16,C21191,Laptop,1,325.81,232 Main St,TRK85771230,1,WINTER15,325.81,1,5,325.8067419325807,True,False,False,False,False,True,False,False,False,False,False,True
ORD200785,2023-07-29,C45862,Chair,1,176.1,342 Main St,TRK53089983,1,SAVE10,176.1,1,7,176.0982390176098,True,False,False,False,False,True,False,False,False,False,True,False
ORD200786,2023-08-23,C39130,Chair,5,45.31,774 Main St,TRK99583414,8,,226.55,0,8,28.31871460160675,False,False,False,True,False,False,False,False,False,False,False,True
ORD200787,2024-03-17,C18167,Desk,4,221.96,193 Main St,TRK36841089,7,,887.84,0,3,126.83410452270783,False,False,False,False,True,False,False,False,False,True,False,False
ORD200788,2023-11-02,C47307,Chair,2,601.43,761 Main St,TRK43516112,5,FREESHIP,1202.86,1,11,240.57151885696229,False,False,False,True,False,True,False,False,False,False,True,False
ORD200789,2023-08-17,C57276,Tablet,5,691.28,183 Main St,TRK75899752,10,SAVE10,3330.4075,1,8,333.040416959583,False,False,False,True,True,False,False,False,False,False,False,False
ORD200790,2024-09-14,C38928,Laptop,4,417.89,302 Main St,TRK96636009,4,,1671.56,0,9,417.88895527761184,False,False,True,False,False,True,False,False,False,True,False,False
ORD200791,2024-01-13,C49710,Chair,4,409.28,956 Main St,TRK92591237,8,,1637.12,0,1,204.63974420031974,False,False,False,False,False,True,False,False,False,False,False,False
ORD200792,2023-06-16,C41709,Desk,2,356.35,746 Main St,TRK90995294,6,WINTER15,712.7,1,6,118.78313536144108,False,True,False,False,False,False,True,False,True,False,False,False
ORD200793,2024-04-15,C91255,Chair,5,170.22,769 Main St,TRK69599961,8,,851.1,0,4,106.38736701579124,False,True,False,False,True,False,False,False,False,False,False,True
ORD200794,2023-03-09,C76653,Printer,4,384.85,988 Main St,TRK77052196,9,FREESHIP,1539.4,1,3,171.0442543952729,False,False,False,True,True,False,False,False,False,False,True,False
ORD200795,2024-11-20,C95667,Laptop,4,115.77,586 Main St,TRK41266666,7,SAVE10,463.08,1,11,66.15419120829827,False,False,False,True,False,True,False,False,False,False,True,False
ORD200796,2025-04-29,C33313,Phone,3,579.55,882 Main St,TRK13349970,8,WINTER15,1738.65,1,4,217.3309783362771,False,False,True,False,False,False,True,False,True,False,False,False
ORD200797,2023-02-27,C36825,Laptop,2,438.76,426 Main St,TRK72557318,2,,877.52,0,2,438.7578062109689,False,True,False,False,False,False,True,False,True,False,False,False
ORD200798,2025-05-19,C20861,Phone,5,488.35,968 Main St,TRK89372013,9,FREESHIP,2441.75,1,5,271.3052541052732,False,True,False,False,False,False,True,False,False,False,False,False
ORD200799,2023-04-16,C26364,Laptop,4,328.56,803 Main St,TRK78924436,4,FREESHIP,1314.24,1,4,328.5591786020535,False,True,False,False,False,False,True,False,False,False,False,False
ORD200800,2025-03-28,C34686,Tablet,1,68.39,412 Main St,TRK99468332,3,WINTER15,68.39,1,3,22.796590678031073,False,False,False,True,False,False,True,False,True,False,False,False
ORD200801,2023-05-03,C97593,Printer,4,595.62,738 Main St,TRK58443593,8,FREESHIP,2382.48,1,5,297.80962773796534,False,True,False,False,False,True,False,False,True,False,False,False
ORD200802,2024-02-17,C84331,Chair,5,644.64,205 Main St,TRK34440714,6,FREESHIP,3223.2,1,2,537.1991046681588,False,False,True,False,False,False,False,False,False,False,False,False
ORD200803,2023-08-20,C88775,Monitor,5,397.81,223 Main St,TRK45098068,5,SAVE10,1989.05,1,8,397.80920438159126,False,True,False,False,False,False,True,False,False,False,False,True
ORD200804,2024-01-01,C76362,Chair,3,236.5,916 Main St,TRK11868618,8,FREESHIP,709.5,1,1,88.68738914076359,False,False,False,True,True,False,False,False,False,False,False,False
ORD200805,2024-10-15,C59278,Laptop,5,472.01,178 Main St,TRK14590037,10,SAVE10,2360.05,1,10,236.00476399523603,False,False,True,False,False,False,False,False,False,False,False,False
ORD200806,2023-09-01,C55819,Chair,5,253.75,740 Main St,TRK13775054,9,WINTER15,1268.75,1,9,140.9720655865938,False,False,False,True,False,True,False,False,False,False,True,False
ORD200807,2024-11-10,C82344,Monitor,3,676.21,260 Main St,TRK70957219,5,SAVE10,2028.63,1,11,405.72518854962294,False,False,False,True,True,False,False,False,False,True,False,False
ORD200808,2024-02-13,C65565,Desk,3,134.05,192 Main St,TRK80383756,3,,402.15,0,2,134.0495531681561,True,False,False,False,False,False,False,True,False,True,False,False
ORD200809,2024-04-09,C80416,Desk,5,217.43,752 Main St,TRK54385892,10,SAVE10,1087.15,1,4,108.71489128510873,False,True,False,False,False,False,False,True,False,False,True,False
ORD200810,2023-05-31,C23637,Tablet,1,553.56,644 Main St,TRK16749863,5,,553.56,0,5,110.71177857644284,True,False,False,False,False,False,False,False,False,False,False,True
ORD200811,2023-11-05,C24769,Laptop,2,28.55,864 Main St,TRK44538305,7,SAVE10,57.1,1,11,8.157131204098281,False,False,True,False,False,False,False,True,False,False,False,False
ORD200812,2024-01-26,C81547,Phone,2,255.26,803 Main St,TRK88437123,6,FREESHIP,510.52,1,1,85.08652485579191,True,False,False,False,False,False,False,False,False,True,False,False
ORD200813,2025-03-15,C12813,Laptop,5,292.54,263 Main St,TRK36131660,8,FREESHIP,1462.7,1,3,182.8372714534107,False,True,False,False,False,False,False,False,False,False,False,False
ORD200814,2024-12-11,C50732,Chair,4,147.51,979 Main St,TRK21082461,4,WINTER15,590.04,1,12,147.50963122592194,False,True,False,False,False,True,False,False,False,False,True,False
ORD200815,2024-08-04,C41320,Printer,3,569.84,920 Main St,TRK77539180,8,WINTER15,1709.52,1,8,213.68973288783388,False,False,True,False,False,False,False,False,False,False,True,False
ORD200816,2024-02-21,C55286,Tablet,5,574.79,497 Main St,TRK39058734,8,WINTER15,2873.95,1,2,359.2433009458738,True,False,False,False,False,True,False,False,False,False,False,True
ORD200817,2023-10-05,C87994,Chair,4,598.19,430 Main St,TRK98883971,7,WINTER15,2392.76,1,10,341.8223688251874,True,False,False,False,True,False,False,False,False,False,False,False
ORD200818,2023-03-02,C25580,Phone,4,390.84,860 Main St,TRK58781638,9,WINTER15,1563.36,1,3,173.70647365947372,True,False,False,False,False,False,False,False,False,False,False,True
ORD200819,2024-09-28,C66196,Phone,2,398.45,650 Main St,TRK38104650,7,SAVE10,796.9,1,9,113.84269451043642,False,True,False,False,False,False,False,False,False,True,False,False
ORD200820,2023-05-27,C35377,Phone,5,623.81,171 Main St,TRK17342157,6,FREESHIP,3119.05,1,5,519.840800265333,False,False,False,False,False,False,True,False,False,False,False,False
ORD200821,2024-12-14,C40771,Laptop,4,174.49,259 Main St,TRK56310345,5,SAVE10,697.96,1,12,139.5917208165584,True,False,False,False,True,False,False,False,True,False,False,False
ORD200822,2025-03-15,C20624,Phone,1,479.56,923 Main St,TRK45123395,1,SAVE10,479.56,1,3,479.5552044479555,False,False,True,False,False,False,True,False,False,True,False,False
ORD200823,2024-10-07,C27070,Laptop,4,653.13,973 Main St,TRK83842481,8,WINTER15,2612.52,1,10,326.56459179426025,True,False,False,False,False,False,False,True,False,False,True,False
ORD200824,2023-08-29,C18826,Monitor,3,481.1,664 Main St,TRK12530495,3,FREESHIP,1443.3,1,8,481.09839633867887,True,False,False,False,False,False,True,False,True,False,False,False
ORD200825,2025-03-26,C23899,Desk,5,271.69,543 Main St,TRK88914760,7,FREESHIP,1358.45,1,3,194.0640084799879,False,False,False,True,False,False,True,False,False,False,True,False
ORD200826,2025-03-08,C43249,Printer,3,463.81,283 Main St,TRK32469820,8,WINTER15,1391.43,1,3,173.92853258933428,False,False,False,True,False,False,True,False,False,False,False,False
ORD200827,2023-05-25,C95856,Tablet,2,639.88,432 Main St,TRK58829625,5,WINTER15,1279.76,1,5,255.95148809702383,False,False,False,False,True,False,False,False,False,False,True,False
ORD200828,2024-07-24,C86266,Chair,4,404.58,510 Main St,TRK64576020,5,FREESHIP,1618.32,1,7,323.66335267329464,False,False,False,False,False,False,False,True,False,False,True,False
ORD200829,2023-02-05,C39551,Monitor,1,76.93,685 Main St,TRK68358007,6,WINTER15,76.93,1,2,12.82164529725784,False,True,False,False,True,False,False,False,False,False,True,False
ORD200830,2024-12-11,C90310,Tablet,4,190.64,853 Main St,TRK70028457,5,SAVE10,762.56,1,12,152.51169497661004,False,False,False,False,True,False,False,False,False,False,False,False
ORD200831,2023-12-18,C20124,Printer,2,88.73,140 Main St,TRK61346824,5,,177.46,0,12,35.491929016141974,False,False,False,True,False,True,False,False,False,True,False,False
ORD200832,2024-03-12,C63372,Chair,5,485.71,903 Main St,TRK14661811,10,SAVE10,2428.55,1,3,242.85475714524287,False,False,False,True,False,True,False,False,False,False,False,True
ORD200833,2025-03-14,C90595,Phone,5,78.29,508 Main St,TRK96573803,5,WINTER15,391.45,1,3,78.28984342031316,True,False,False,False,False,False,False,True,False,False,False,True
ORD200834,2024-04-11,C98483,Printer,5,22.14,456 Main St,TRK22084320,10,,110.7,0,4,11.069988930011071,False,False,False,False,False,False,True,False,False,False,True,False
ORD200835,2024-03-26,C16429,Desk,1,679.65,390 Main St,TRK73888013,6,FREESHIP,679.65,1,3,113.27481120864799,False,True,False,False,False,False,False,True,False,True,False,False
ORD200836,2023-02-02,C31810,Phone,1,178.44,328 Main St,TRK58725886,2,FREESHIP,178.44,1,2,89.21955390223049,True,False,False,False,False,False,False,False,False,True,False,False
ORD200837,2025-06-14,C88029,Chair,5,655.55,282 Main St,TRK59701278,5,,3277.75,0,6,655.5486889026222,False,False,False,True,True,False,False,False,False,False,False,False
ORD200838,2024-04-11,C57798,Desk,4,577.08,384 Main St,TRK68797566,8,,2308.32,0,4,288.5396393254509,False,False,False,True,False,True,False,False,True,False,False,False
ORD200839,2023-08-24,C82858,Chair,3,197.97,551 Main St,TRK90618490,5,,593.91,0,8,118.78176243647513,False,False,False,True,False,False,False,False,False,True,False,False
ORD200840,2024-01-14,C60699,Chair,3,411.95,672 Main St,TRK88660574,7,FREESHIP,1235.85,1,1,176.5497477860746,True,False,False,False,True,False,False,False,False,False,False,True
ORD200841,2024-09-19,C94658,Printer,2,443.22,742 Main St,TRK51732528,5,,886.44,0,9,177.28764542470918,True,False,False,False,True,False,False,False,True,False,False,False
ORD200842,2025-05-07,C78305,Laptop,3,364.14,396 Main St,TRK88312618,7,WINTER15,1092.42,1,5,156.05977705746136,False,False,False,True,False,True,False,False,False,False,False,True
ORD200843,2025-05-13,C43538,Desk,3,430.06,534 Main St,TRK20961563,8,FREESHIP,1290.18,1,5,161.272298409627,False,False,True,False,False,False,False,False,False,False,True,False
ORD200844,2024-12-04,C47486,Chair,1,320.92,883 Main St,TRK75984759,5,FREESHIP,320.92,1,12,64.18387163225674,False,False,False,True,False,False,True,False,True,False,False,False
ORD200845,2023-10-08,C24212,Phone,3,107.36,808 Main St,TRK68894675,5,FREESHIP,322.08,1,10,64.41587116825767,False,False,True,False,True,False,False,False,False,True,False,False
ORD200846,2024-07-04,C24765,Desk,2,359.86,646 Main St,TRK43977698,4,,719.72,0,7,179.9295501761246,False,True,False,False,False,False,False,False,False,False,False,True
ORD200847,2024-11-18,C48176,Printer,4,434.23,670 Main St,TRK90560300,8,FREESHIP,1736.92,1,11,217.11472860658927,False,False,False,True,False,False,False,True,False,False,False,False
ORD200848,2023-01-01,C54675,Chair,2,645.85,634 Main St,TRK18049633,5,,1291.7,0,1,258.3394833210334,False,False,False,True,False,False,False,True,False,False,False,True
ORD200849,2025-06-09,C16675,Printer,4,214.35,664 Main St,TRK12756945,7,WINTER15,857.4,1,6,122.48553930637242,False,True,False,False,False,False,False,False,False,False,False,True
ORD200850,2025-04-27,C38557,Monitor,3,638.5,890 Main St,TRK14832238,4,FREESHIP,1915.5,1,4,478.873802815493,False,True,False,False,False,False,False,False,False,False,True,False
ORD200851,2023-12-12,C80183,Laptop,1,365.57,146 Main St,TRK20814598,5,SAVE10,365.57,1,12,73.11385377229246,False,False,False,True,False,False,False,False,False,False,False,False
ORD200852,2024-10-24,C39530,Desk,3,568.05,618 Main St,TRK69000497,6,SAVE10,1704.15,1,10,284.024526625789,False,False,True,False,False,True,False,False,False,True,False,False
ORD200853,2023-10-16,C10002,Printer,3,490.01,894 Main St,TRK94641152,4,SAVE10,1470.03,1,10,367.50658123354697,False,False,False,False,False,False,True,False,True,False,False,False
ORD200854,2025-06-13,C56938,Laptop,3,372.6,356 Main St,TRK67735987,7,WINTER15,1117.8,1,6,159.6854861635912,True,False,False,False,True,False,False,False,False,False,False,True
ORD200855,2023-05-25,C41331,Monitor,5,240.61,785 Main St,TRK94198179,10,FREESHIP,1203.05,1,5,120.3048796951203,True,False,False,False,False,False,False,True,False,False,False,False
ORD200856,2024-06-03,C94698,Phone,1,586.62,871 Main St,TRK95768773,5,,586.62,0,6,117.32376535246931,False,True,False,False,False,False,False,True,True,False,False,False
ORD200857,2024-03-10,C56506,Phone,3,257.84,185 Main St,TRK86808324,4,,773.52,0,3,193.37951655120864,False,False,False,True,True,False,False,False,False,False,True,False
ORD200858,2023-08-20,C22167,Tablet,5,435.66,891 Main St,TRK70269748,9,,2178.3,0,8,242.03306440770623,False,False,False,True,False,True,False,False,True,False,False,False
ORD200859,2024-08-28,C11127,Chair,5,261.33,154 Main St,TRK73285507,5,SAVE10,1306.65,1,8,261.32947734104533,True,False,False,False,False,False,True,False,False,False,False,True
ORD200860,2024-01-23,C69542,Printer,1,422.54,876 Main St,TRK20746505,1,SAVE10,422.54,1,1,422.53577464225356,False,False,False,False,True,False,False,False,False,True,False,False
ORD200861,2023-03-19,C93276,Desk,5,330.45,230 Main St,TRK44165913,10,FREESHIP,1652.25,1,3,165.22483477516522,False,False,True,False,False,False,False,True,False,True,False,False
ORD200862,2023-12-02,C37969,Desk,3,120.82,799 Main St,TRK69852386,5,SAVE10,362.46,1,12,72.49185501628997,True,False,False,False,False,False,False,True,False,False,False,True
ORD200863,2024-05-20,C98276,Phone,1,14.06,471 Main St,TRK74207282,5,SAVE10,14.06,1,5,2.8119943760112482,True,False,False,False,False,True,False,False,False,False,False,True
ORD200864,2023-05-03,C14240,Desk,1,491.11,592 Main St,TRK58095246,4,SAVE10,491.11,1,5,122.77719305701737,True,False,False,False,True,False,False,False,True,False,False,False
ORD200865,2023-04-30,C72241,Monitor,4,677.37,156 Main St,TRK76270481,8,SAVE10,2709.48,1,4,338.6845766442792,False,False,False,False,False,True,False,False,False,True,False,False
ORD200866,2024-07-26,C39664,Desk,5,189.25,693 Main St,TRK39917741,10,WINTER15,946.25,1,7,94.62490537509463,False,True,False,False,False,False,False,False,False,False,False,False
ORD200867,2024-05-26,C53252,Printer,4,142.58,351 Main St,TRK65831261,4,FREESHIP,570.32,1,5,142.57964355089115,False,False,False,False,True,False,False,False,True,False,False,False
ORD200868,2024-06-29,C70452,Monitor,4,316.32,309 Main St,TRK42985882,7,,1265.28,0,6,180.75402749424643,False,True,False,False,True,False,False,False,True,False,False,False
ORD200869,2024-03-17,C29905,Desk,2,533.95,790 Main St,TRK16788127,5,WINTER15,1067.9,1,3,213.57957284085435,False,False,False,True,True,False,False,False,False,True,False,False
ORD200870,2025-06-01,C78725,Phone,4,470.09,541 Main St,TRK72001139,4,FREESHIP,1880.36,1,6,470.0888247779381,False,True,False,False,True,False,False,False,False,True,False,False
ORD200871,2024-05-16,C93768,Tablet,3,324.3,720 Main St,TRK22024707,8,FREESHIP,972.9,1,5,121.61234798456502,False,True,False,False,False,True,False,False,False,False,False,False
ORD200872,2023-07-10,C59169,Chair,4,629.34,172 Main St,TRK90883858,7,,2517.36,0,7,359.62234339665235,False,False,False,False,False,False,False,True,False,False,False,False
ORD200873,2024-05-12,C53488,Desk,3,136.84,448 Main St,TRK27365050,3,SAVE10,410.52,1,5,136.8395438681871,False,False,False,False,True,False,False,False,True,False,False,False
ORD200874,2023-10-31,C92180,Chair,2,488.9,632 Main St,TRK93315929,7,FREESHIP,977.8,1,10,139.68551473497894,False,False,False,False,True,False,False,False,True,False,False,False
ORD200875,2023-08-03,C25918,Laptop,5,133.39,203 Main St,TRK66473392,6,FREESHIP,666.95,1,8,111.15814806975324,True,False,False,False,True,False,False,False,False,False,False,True
ORD200876,2024-06-09,C90363,Chair,5,608.91,200 Main St,TRK21534173,6,SAVE10,3044.55,1,6,507.42415429307624,False,False,True,False,False,True,False,False,False,True,False,False
ORD200877,2024-07-25,C43867,Tablet,1,524.06,269 Main St,TRK97319127,3,FREESHIP,524.06,1,7,174.68608437971872,False,True,False,False,False,True,False,False,False,False,False,False
ORD200878,2023-06-01,C73873,Desk,2,330.69,393 Main St,TRK56423132,5,SAVE10,661.38,1,6,132.2757354485291,False,False,False,True,False,False,False,False,False,True,False,False
ORD200879,2025-04-08,C56622,Phone,2,547.67,932 Main St,TRK86373987,3,,1095.34,0,4,365.11211629294564,False,False,True,False,False,False,False,True,False,False,True,False
ORD200880,2025-03-12,C85074,Laptop,4,233.7,506 Main St,TRK63133878,8,SAVE10,934.8,1,3,116.84985393768258,False,False,False,True,False,False,False,True,True,False,False,False
ORD200881,2023-01-03,C59579,Tablet,2,448.85,386 Main St,TRK48000034,6,,897.7,0,1,149.61641730597117,True,False,False,False,False,True,False,False,False,False,True,False
ORD200882,2025-06-28,C43335,Phone,2,274.12,533 Main St,TRK91848650,6,FREESHIP,548.24,1,6,91.37318104469827,False,False,False,False,True,False,False,False,False,False,False,True
ORD200883,2025-05-13,C43595,Printer,5,561.48,451 Main St,TRK25317348,9,FREESHIP,2807.4,1,5,311.9329867411259,False,False,False,True,True,False,False,False,True,False,False,False
ORD200884,2024-05-15,C71471,Chair,1,595.54,817 Main St,TRK52137079,4,,595.54,0,5,148.88462778843052,False,False,True,False,False,False,False,True,False,False,True,False
ORD200885,2024-04-07,C61090,Laptop,4,515.59,387 Main St,TRK36388962,7,FREESHIP,2062.36,1,4,294.62243625366256,True,False,False,False,False,False,False,True,False,True,False,False
ORD200886,2023-10-25,C29620,Phone,1,460.13,792 Main St,TRK22046456,1,,460.13,0,10,460.1253987460125,True,False,False,False,False,False,True,False,False,True,False,False
ORD200887,2024-12-19,C67932,Chair,3,171.66,857 Main St,TRK88547534,7,,514.98,0,12,73.56846633076239,False,True,False,False,True,False,False,False,False,True,False,False
ORD200888,2024-07-23,C14427,Laptop,2,266.95,833 Main St,TRK58024529,3,,533.9,0,7,177.96607344642183,True,False,False,False,False,True,False,False,False,False,True,False
ORD200889,2024-10-27,C36725,Monitor,5,650.72,350 Main St,TRK16808790,8,WINTER15,3253.6,1,10,406.69949162563546,True,False,False,False,False,False,False,False,False,False,False,False
ORD200890,2023-08-11,C51921,Laptop,3,439.53,943 Main St,TRK85741716,5,,1318.59,0,8,263.7174725650549,False,True,False,False,False,True,False,False,False,True,False,False
ORD200891,2023-11-11,C36534,Monitor,3,654.54,918 Main St,TRK38952138,7,SAVE10,1963.62,1,11,280.5167421189398,False,False,False,False,False,False,True,False,False,False,False,True
ORD200892,2024-06-04,C72043,Desk,1,394.53,480 Main St,TRK40896408,2,FREESHIP,394.53,1,6,197.2640136799316,False,False,False,False,False,False,False,True,False,False,False,True
ORD200893,2023-03-21,C99533,Monitor,1,678.01,696 Main St,TRK55701253,4,FREESHIP,678.01,1,3,169.5020762448094,False,False,False,False,False,True,False,False,False,False,False,True
ORD200894,2023-05-23,C90852,Tablet,3,575.01,852 Main St,TRK37551831,8,WINTER15,1725.03,1,5,215.62848046439942,False,False,False,True,False,False,False,False,False,False,True,False
ORD200895,2023-11-09,C81882,Chair,3,154.64,832 Main St,TRK62371264,6,WINTER15,463.92,1,11,77.31987113354812,False,True,False,False,False,True,False,False,True,False,False,False
ORD200896,2024-10-18,C85466,Desk,3,147.29,102 Main St,TRK66764177,3,FREESHIP,441.87,1,10,147.28950903496988,False,False,True,False,False,False,False,True,False,True,False,False
ORD200897,2024-09-03,C87995,Laptop,4,481.48,358 Main St,TRK38730545,5,SAVE10,1925.92,1,9,385.1832296335408,False,False,True,False,True,False,False,False,False,False,True,False
ORD200898,2025-03-05,C44619,Monitor,3,158.37,742 Main St,TRK66662528,6,,475.11,0,3,79.18486802521997,False,False,False,False,False,False,False,True,False,False,False,True
ORD200899,2025-04-23,C99904,Printer,2,323.37,552 Main St,TRK83843411,3,SAVE10,646.74,1,4,215.5792814023953,False,False,False,True,False,True,False,False,False,False,True,False
ORD200900,2025-02-07,C52342,Laptop,5,73.83,991 Main St,TRK67342586,9,,369.15,0,2,41.01662109264323,False,True,False,False,False,True,False,False,False,False,True,False
ORD200901,2024-04-28,C44277,Tablet,1,458.63,839 Main St,TRK79321479,4,WINTER15,458.63,1,4,114.65721335696662,False,True,False,False,False,False,True,False,False,False,False,True
ORD200902,2024-07-13,C61162,Monitor,4,180.25,813 Main St,TRK76712124,7,,721.0,0,7,102.99985285735306,False,True,False,False,False,False,False,False,True,False,False,False
ORD200903,2023-05-17,C80868,Monitor,3,473.49,205 Main St,TRK56186636,7,,1420.47,0,5,202.92399582286313,True,False,False,False,False,True,False,False,False,False,False,False
ORD200904,2025-02-05,C16693,Monitor,4,237.43,262 Main St,TRK41146508,8,WINTER15,949.72,1,2,118.7148516064355,False,False,False,False,False,False,False,False,False,False,False,True
ORD200905,2023-11-23,C67818,Laptop,1,442.39,101 Main St,TRK81978113,6,FREESHIP,442.39,1,11,73.73154378076036,False,False,True,False,False,True,False,False,True,False,False,False
ORD200906,2024-09-03,C49938,Monitor,1,62.12,141 Main St,TRK80175572,2,,62.12,0,9,31.059844700776495,False,False,False,False,False,False,True,False,False,False,False,False
ORD200907,2024-08-04,C90898,Desk,5,298.39,583 Main St,TRK52935170,7,WINTER15,1491.95,1,8,213.13540980655745,False,False,True,False,False,False,False,False,False,False,False,True
ORD200908,2025-05-06,C35117,Desk,2,697.93,332 Main St,TRK27155709,2,SAVE10,1395.86,1,5,697.9265103674481,True,False,False,False,False,False,False,False,False,True,False,False
ORD200909,2024-05-27,C60203,Tablet,2,291.85,569 Main St,TRK76525279,5,FREESHIP,583.7,1,5,116.73976652046697,False,False,False,False,False,False,False,True,False,False,True,False
ORD200910,2024-05-31,C36174,Printer,3,308.98,348 Main St,TRK26397548,3,SAVE10,926.94,1,5,308.97897007009976,False,False,False,False,True,False,False,False,False,False,True,False
ORD200911,2024-08-13,C80872,Desk,5,396.86,593 Main St,TRK43967487,9,SAVE10,1984.3,1,8,220.47753280274134,False,False,False,False,False,False,False,False,False,False,True,False
ORD200912,2024-01-22,C67604,Desk,2,139.69,318 Main St,TRK85545920,7,FREESHIP,279.38,1,1,39.91137155518349,False,False,False,True,False,False,True,False,False,False,False,False
ORD200913,2023-02-16,C45599,Printer,5,475.95,505 Main St,TRK62277685,8,WINTER15,2379.75,1,2,297.4683781645273,True,False,False,False,False,False,True,False,True,False,False,False
ORD200914,2025-02-10,C70352,Desk,1,626.6,955 Main St,TRK51589589,4,WINTER15,626.6,1,2,156.64960837597908,False,False,True,False,False,False,True,False,True,False,False,False
ORD200915,2024-02-16,C20643,Laptop,4,502.99,939 Main St,TRK30736692,4,WINTER15,2011.96,1,2,502.98874252814375,False,True,False,False,False,False,False,True,False,False,False,True
ORD200916,2024-06-21,C35669,Printer,5,578.83,165 Main St,TRK13928455,6,,2894.15,0,6,482.3575294041177,False,False,False,False,False,False,True,False,False,False,False,True
ORD200917,2025-01-20,C65524,Laptop,5,383.82,836 Main St,TRK19315310,7,FREESHIP,1919.1,1,1,274.1567512046411,True,False,False,False,False,False,True,False,False,True,False,False
ORD200918,2025-06-24,C74359,Laptop,5,368.25,706 Main St,TRK18250450,5,,1841.25,0,6,368.249263501473,False,False,False,True,True,False,False,False,False,False,True,False
ORD200919,2025-02-07,C92086,Printer,2,374.6,187 Main St,TRK23357668,3,FREESHIP,749.2,1,2,249.7325008916637,False,False,False,True,False,False,False,True,False,False,False,True
ORD200920,2025-03-12,C26137,Tablet,2,428.09,978 Main St,TRK98110407,6,,856.18,0,3,142.69642883928526,True,False,False,False,False,False,True,False,False,False,True,False
ORD200921,2023-07-24,C90573,Tablet,1,438.93,144 Main St,TRK90075720,3,SAVE10,438.93,1,7,146.30951230162566,False,False,True,False,False,False,False,False,False,False,False,True
ORD200922,2024-06-17,C81857,Desk,2,563.82,487 Main St,TRK79737732,3,,1127.64,0,6,375.87874707084313,True,False,False,False,False,True,False,False,False,False,True,False
ORD200923,2023-02-11,C91582,Printer,3,649.93,836 Main St,TRK99938245,7,WINTER15,1949.79,1,2,278.5410306556705,True,False,False,False,False,True,False,False,True,False,False,False
ORD200924,2025-03-22,C81319,Printer,5,268.43,991 Main St,TRK55330558,5,SAVE10,1342.15,1,3,268.42946314107377,False,False,False,False,False,False,True,False,False,False,False,False
ORD200925,2024-12-20,C78500,Monitor,5,502.47,304 Main St,TRK97460884,10,WINTER15,2512.35,1,12,251.23474876525123,False,False,False,True,False,False,False,True,False,False,False,False
ORD200926,2024-03-20,C67533,Desk,1,26.95,672 Main St,TRK14566395,1,WINTER15,26.95,1,3,26.94973050269497,False,False,False,False,True,False,False,False,False,False,False,False
ORD200927,2023-02-14,C35566,Laptop,4,64.69,638 Main St,TRK10003020,7,WINTER15,258.76,1,2,36.96566147762646,False,True,False,False,False,False,False,True,False,True,False,False
ORD200928,2024-05-09,C77166,Laptop,3,247.11,821 Main St,TRK18896595,3,WINTER15,741.33,1,5,247.10917630274565,False,True,False,False,False,False,True,False,False,False,False,True
ORD200929,2024-10-16,C67936,Tablet,2,536.25,553 Main St,TRK71803414,3,,1072.5,0,10,357.49880833730555,False,True,False,False,False,True,False,False,False,False,False,False
ORD200930,2024-12-16,C59554,Phone,2,456.04,382 Main St,TRK28182447,4,FREESHIP,912.08,1,12,228.01942995142517,False,True,False,False,False,False,True,False,False,False,False,False
ORD200931,2024-01-01,C14005,Printer,2,40.23,623 Main St,TRK87567926,4,SAVE10,80.46,1,1,20.11494971262572,True,False,False,False,False,False,False,False,False,True,False,False
ORD200932,2023-03-26,C26118,Laptop,2,72.39,168 Main St,TRK15334251,7,WINTER15,144.78,1,3,20.68282759596058,False,False,False,True,True,False,False,False,False,False,True,False
ORD200933,2023-01-26,C59685,Monitor,2,394.16,255 Main St,TRK43718093,2,,788.32,0,1,394.15802920985396,False,False,False,True,False,False,False,True,False,False,False,True
ORD200934,2025-06-01,C40304,Laptop,4,119.84,692 Main St,TRK85790948,8,FREESHIP,479.36,1,6,59.91992510009363,False,False,True,False,False,False,False,True,False,False,False,True
ORD200935,2023-11-24,C39593,Phone,3,692.71,398 Main St,TRK62405253,3,FREESHIP,2078.13,1,11,692.7076909743635,True,False,False,False,True,False,False,False,False,False,True,False
ORD200936,2024-01-12,C50612,Chair,4,56.66,737 Main St,TRK44140968,4,SAVE10,226.64,1,1,56.65985835035413,False,False,False,True,True,False,False,False,False,False,True,False
ORD200937,2024-01-16,C39791,Chair,2,298.53,536 Main St,TRK46221436,5,WINTER15,597.06,1,1,119.41176117647764,False,True,False,False,False,False,False,False,False,False,False,False
ORD200938,2023-07-12,C39017,Chair,3,331.46,696 Main St,TRK91155214,6,WINTER15,994.38,1,7,165.7297237837937,True,False,False,False,False,False,False,False,False,False,False,True
ORD200939,2025-04-16,C48510,Laptop,2,521.4,212 Main St,TRK53152886,7,SAVE10,1042.8,1,4,148.97121575540606,False,False,False,False,True,False,False,False,False,False,True,False
ORD200940,2023-03-27,C74003,Printer,4,305.32,679 Main St,TRK91525779,4,SAVE10,1221.28,1,3,305.31923670190827,False,False,False,True,False,False,False,False,False,True,False,False
ORD200941,2023-07-17,C91155,Printer,5,111.7,599 Main St,TRK82162952,9,FREESHIP,558.5,1,7,62.055486605014885,True,False,False,False,False,False,False,False,False,False,False,False
ORD200942,2023-09-29,C17591,Tablet,1,479.76,882 Main St,TRK56070470,1,,479.76,0,9,479.7552024479755,True,False,False,False,False,True,False,False,False,False,False,False
ORD200943,2023-12-27,C43330,Monitor,3,193.49,355 Main St,TRK71594838,6,FREESHIP,580.47,1,12,96.74483875860209,False,False,True,False,False,False,True,False,True,False,False,False
ORD200944,2024-12-16,C32687,Laptop,2,426.22,448 Main St,TRK98284560,7,WINTER15,852.44,1,12,121.77696889004446,False,False,False,True,True,False,False,False,False,True,False,False
ORD200945,2023-08-20,C79722,Tablet,5,276.44,619 Main St,TRK29976438,10,FREESHIP,1382.2,1,8,138.21986178013822,False,False,True,False,False,False,False,True,False,False,False,True
ORD200946,2024-05-04,C65021,Phone,2,404.96,546 Main St,TRK20626179,4,SAVE10,809.92,1,5,202.4794938012655,False,False,False,False,False,False,False,True,False,False,False,False
ORD200947,2023-09-07,C85520,Phone,4,465.66,119 Main St,TRK65994177,9,FREESHIP,1862.64,1,9,206.95977004469998,False,False,False,True,False,False,True,False,False,False,False,False
ORD200948,2024-06-21,C94569,Phone,2,594.07,739 Main St,TRK79269291,2,,1188.14,0,6,594.0670296648517,False,False,True,False,False,False,False,False,False,True,False,False
ORD200949,2023-11-09,C55778,Desk,5,110.38,319 Main St,TRK93797108,10,,551.9,0,11,55.18994481005519,False,False,False,False,False,True,False,False,False,False,False,True
ORD200950,2024-05-31,C19722,Laptop,1,596.24,891 Main St,TRK78094361,4,FREESHIP,596.24,1,5,149.05962735093163,True,False,False,False,False,False,True,False,False,False,True,False
ORD200951,2024-07-22,C74928,Printer,2,306.24,589 Main St,TRK39845914,4,FREESHIP,612.48,1,7,153.119617200957,False,False,False,True,False,False,True,False,False,False,False,False
ORD200952,2025-02-27,C49111,Monitor,3,503.39,225 Main St,TRK45303393,5,,1510.17,0,2,302.03339593320817,False,False,False,True,False,True,False,False,True,False,False,False
ORD200953,2023-02-06,C43721,Phone,1,131.61,971 Main St,TRK89392104,2,FREESHIP,131.61,1,2,65.80467097664513,False,False,False,False,False,False,False,True,True,False,False,False
ORD200954,2024-10-22,C68609,Chair,3,443.44,240 Main St,TRK58273778,3,FREESHIP,1330.32,1,10,443.4385218715937,False,False,True,False,False,False,False,True,False,True,False,False
ORD200955,2023-01-23,C82068,Chair,1,408.13,164 Main St,TRK25779180,3,WINTER15,408.13,1,1,136.04287985706713,False,False,True,False,False,False,False,True,False,False,True,False
ORD200956,2024-04-11,C21191,Phone,2,160.98,381 Main St,TRK86246309,3,SAVE10,321.96,1,4,107.3196422678591,False,True,False,False,True,False,False,False,False,False,False,True
ORD200957,2023-01-12,C73575,Monitor,5,643.89,851 Main St,TRK23387612,8,WINTER15,3219.45,1,1,402.4307469615663,False,False,False,False,False,False,True,False,True,False,False,False
ORD200958,2023-05-13,C82685,Desk,3,158.66,537 Main St,TRK70184320,7,WINTER15,475.98,1,5,67.99704571850613,False,False,True,False,True,False,False,False,False,False,False,False
ORD200959,2024-04-13,C73996,Tablet,2,143.82,856 Main St,TRK74579570,6,SAVE10,287.64,1,4,47.939920100133165,True,False,False,False,False,False,True,False,False,False,True,False
ORD200960,2023-12-11,C87687,Laptop,3,379.07,312 Main St,TRK60383805,3,WINTER15,1137.21,1,12,379.0687364375452,False,False,True,False,False,True,False,False,False,True,False,False
ORD200961,2024-11-11,C55464,Phone,1,601.36,532 Main St,TRK81178598,1,,601.36,0,11,601.3539864601354,False,False,False,True,False,False,False,True,True,False,False,False
ORD200962,2024-09-06,C12459,Phone,2,142.08,838 Main St,TRK30674085,4,SAVE10,284.16,1,9,71.03982240044401,False,False,True,False,True,False,False,False,False,False,False,True
ORD200963,2024-03-11,C88075,Chair,5,530.34,970 Main St,TRK42832976,9,FREESHIP,2651.7,1,3,294.6330059633267,False,False,False,True,False,False,False,True,False,True,False,False
ORD200964,2023-08-20,C18583,Phone,5,364.42,778 Main St,TRK43084595,10,SAVE10,1822.1,1,8,182.2098177901822,True,False,False,False,False,False,False,False,False,False,False,True
ORD200965,2025-06-18,C70412,Laptop,4,578.28,791 Main St,TRK22192783,5,FREESHIP,2313.12,1,6,462.6230747538505,False,False,True,False,False,False,False,False,False,False,False,False
ORD200966,2025-05-20,C58503,Monitor,5,280.52,290 Main St,TRK12981657,7,WINTER15,1402.6,1,5,200.37114232693952,True,False,False,False,False,False,False,False,True,False,False,False
ORD200967,2025-05-06,C52879,Tablet,5,638.92,502 Main St,TRK67403284,5,FREESHIP,3194.6,1,5,638.9187221625557,True,False,False,False,False,False,True,False,False,True,False,False
ORD200968,2024-02-08,C67870,Monitor,4,412.2,664 Main St,TRK72602178,6,WINTER15,1648.8,1,2,274.7995420007633,True,False,False,False,False,False,False,True,False,False,False,True
ORD200969,2025-06-05,C19439,Desk,1,440.34,675 Main St,TRK25383993,2,WINTER15,440.34,1,6,220.1688991555042,False,False,True,False,False,False,False,True,True,False,False,False
ORD200970,2024-09-07,C72664,Desk,1,627.15,241 Main St,TRK86694331,5,SAVE10,627.15,1,9,125.42974914050173,False,False,False,False,True,False,False,False,False,False,True,False
ORD200971,2024-05-27,C32650,Monitor,2,605.26,934 Main St,TRK66648743,4,WINTER15,1210.52,1,5,302.62924342689143,False,False,False,False,False,False,False,False,False,False,False,True
ORD200972,2024-06-09,C66438,Laptop,1,90.27,816 Main St,TRK32035271,5,SAVE10,90.27,1,6,18.053963892072215,False,False,False,False,True,False,False,False,True,False,False,False
ORD200973,2025-06-09,C70010,Desk,5,230.77,141 Main St,TRK50594008,10,WINTER15,1153.85,1,6,115.38488461511538,False,False,False,True,False,True,False,False,False,False,False,True
ORD200974,2023-09-27,C30722,Desk,5,266.78,274 Main St,TRK52088168,5,,1333.9,0,9,266.77946644106714,False,False,True,False,False,False,False,False,False,False,False,False
ORD200975,2023-05-18,C70529,Desk,1,105.92,974 Main St,TRK82165408,6,SAVE10,105.92,1,5,17.65330391116015,False,False,True,False,False,False,True,False,False,False,False,False
ORD200976,2024-04-04,C18984,Tablet,3,589.3,650 Main St,TRK49298239,6,WINTER15,1767.9,1,4,294.64950891748515,True,False,False,False,False,False,True,False,False,False,False,True
ORD200977,2023-01-28,C85841,Chair,4,649.47,608 Main St,TRK99820544,8,SAVE10,2597.88,1,1,324.73459408175745,False,False,False,False,False,True,False,False,False,True,False,False
ORD200978,2024-06-25,C41508,Printer,4,107.49,993 Main St,TRK61047536,5,,429.96,0,6,85.99182801634397,False,False,False,False,True,False,False,False,False,True,False,False
ORD200979,2023-05-31,C75018,Monitor,3,669.06,299 Main St,TRK51794806,7,SAVE10,2007.18,1,5,286.73959037201377,False,False,False,False,True,False,False,False,True,False,False,False
ORD200980,2023-10-14,C84320,Chair,3,69.65,107 Main St,TRK81093218,7,WINTER15,208.95,1,10,29.849957357203774,False,False,False,False,True,False,False,False,False,False,True,False
ORD200981,2023-11-26,C12609,Phone,4,136.83,490 Main St,TRK56379337,8,SAVE10,547.32,1,11,68.4149144813569,False,True,False,False,False,True,False,False,False,False,False,False
ORD200982,2024-09-06,C64935,Monitor,1,304.11,707 Main St,TRK42969065,2,SAVE10,304.11,1,9,152.05423972880135,False,False,True,False,False,False,False,True,False,False,False,True
ORD200983,2024-11-24,C67528,Monitor,4,296.28,110 Main St,TRK60865210,5,SAVE10,1185.12,1,11,237.0235259529481,False,False,True,False,False,False,False,True,False,False,False,False
ORD200984,2025-02-28,C44176,Desk,1,77.64,706 Main St,TRK68704764,1,FREESHIP,77.64,1,2,77.63922360776392,True,False,False,False,False,False,False,True,True,False,False,False
ORD200985,2024-07-20,C92788,Desk,1,243.71,948 Main St,TRK83835361,6,SAVE10,243.71,1,7,40.618265636223946,False,False,True,False,True,False,False,False,False,True,False,False
ORD200986,2024-09-07,C69213,Laptop,4,644.96,533 Main St,TRK67837331,7,FREESHIP,2579.84,1,9,368.5480449313644,True,False,False,False,False,True,False,False,False,False,False,False
ORD200987,2025-06-05,C67387,Phone,5,283.73,436 Main St,TRK54120003,8,FREESHIP,1418.65,1,6,177.3310283362146,False,False,True,False,False,True,False,False,False,False,True,False
ORD200988,2025-02-04,C90318,Desk,2,629.56,818 Main St,TRK52765043,5,WINTER15,1259.12,1,2,251.8234963530073,False,False,True,False,False,False,False,False,False,False,True,False
ORD200989,2023-03-23,C49995,Laptop,4,246.11,559 Main St,TRK33212013,4,SAVE10,984.44,1,3,246.10938472653822,True,False,False,False,False,True,False,False,False,False,True,False
ORD200990,2023-11-19,C52313,Phone,2,418.26,913 Main St,TRK67368559,2,SAVE10,836.52,1,11,418.25790871045643,False,True,False,False,False,True,False,False,False,True,False,False
ORD200991,2024-05-09,C10211,Desk,5,127.18,598 Main St,TRK68938335,10,FREESHIP,635.9,1,5,63.58993641006359,False,True,False,False,False,False,False,False,False,True,False,False
ORD200992,2024-08-27,C97907,Printer,3,586.21,933 Main St,TRK89637569,4,WINTER15,1758.63,1,8,439.6564008589979,False,False,True,False,False,True,False,False,False,False,False,True
ORD200993,2024-04-06,C61384,Monitor,3,267.45,576 Main St,TRK33323210,5,WINTER15,802.35,1,4,160.4696790606419,False,False,True,False,True,False,False,False,False,False,True,False
ORD200994,2024-06-27,C27613,Tablet,4,615.65,971 Main St,TRK63701318,9,WINTER15,2462.6,1,6,273.6219181978687,False,True,False,False,True,False,False,False,False,True,False,False
ORD200995,2023-11-18,C99271,Monitor,2,113.29,959 Main St,TRK87832736,5,SAVE10,226.58,1,11,45.315909368181266,False,False,False,False,False,True,False,False,True,False,False,False
ORD200996,2024-04-28,C28648,Monitor,4,473.86,101 Main St,TRK92240846,7,SAVE10,1895.44,1,4,270.7767560332057,False,True,False,False,True,False,False,False,True,False,False,False
ORD200997,2023-11-27,C26210,Laptop,3,444.75,805 Main St,TRK40616861,6,SAVE10,1334.25,1,11,222.37462937561773,False,False,False,False,True,False,False,False,True,False,False,False
ORD200998,2023-05-19,C90350,Phone,2,183.67,783 Main St,TRK22824230,6,SAVE10,367.34,1,5,61.22323129461451,False,True,False,False,False,False,False,False,False,True,False,False
ORD200999,2023-12-24,C61957,Printer,1,483.38,652 Main St,TRK43983841,6,FREESHIP,483.38,1,12,80.5631990613349,False,False,False,False,False,True,False,False,False,True,False,False
ORD201000,2023-06-21,C90132,Printer,5,260.93,582 Main St,TRK52664903,9,SAVE10,1304.65,1,6,144.96095004338886,False,False,False,True,True,False,False,False,False,False,False,False
ORD201001,2023-12-08,C31371,Printer,2,253.68,122 Main St,TRK19554327,6,,507.36,0,12,84.55985906690157,False,False,True,False,False,False,False,True,False,False,False,True
ORD201002,2025-06-19,C83911,Tablet,4,699.88,944 Main St,TRK33188106,5,WINTER15,2799.52,1,6,559.9028801942396,False,False,False,False,False,True,False,False,False,False,False,True
ORD201003,2023-01-11,C84700,Printer,5,319.97,582 Main St,TRK14706969,7,SAVE10,1599.85,1,1,228.54967350046644,False,False,False,False,False,False,False,True,False,True,False,False
ORD201004,2025-06-09,C87529,Chair,4,246.91,296 Main St,TRK15739505,8,SAVE10,987.64,1,6,123.4548456814429,False,False,False,True,False,True,False,False,False,False,False,True
ORD201005,2023-03-02,C38065,Printer,3,392.85,426 Main St,TRK11448295,6,,1178.55,0,3,196.42467262554564,True,False,False,False,False,False,True,False,False,True,False,False
ORD201006,2024-05-27,C27435,Tablet,5,420.98,860 Main St,TRK91458233,7,SAVE10,2104.9,1,5,300.69957042918514,False,False,False,False,True,False,False,False,True,False,False,False
ORD201007,2024-03-20,C46651,Monitor,2,73.26,839 Main St,TRK60444502,4,WINTER15,146.52,1,3,36.62990842522894,False,False,False,False,False,True,False,False,True,False,False,False
ORD201008,2023-01-13,C62557,Monitor,3,410.88,257 Main St,TRK12742366,8,FREESHIP,1232.64,1,1,154.07980740024078,False,False,False,False,True,False,False,False,False,False,True,False
ORD201009,2023-09-02,C54494,Tablet,2,176.46,696 Main St,TRK95958645,2,FREESHIP,352.92,1,9,176.45911770441148,True,False,False,False,True,False,False,False,False,False,False,False
ORD201010,2023-03-31,C33729,Monitor,3,659.57,533 Main St,TRK35649833,6,SAVE10,1978.71,1,3,329.78445035924943,True,False,False,False,False,False,False,False,False,False,False,False
ORD201011,2024-12-03,C47823,Phone,2,478.36,654 Main St,TRK22271097,3,,956.72,0,12,318.90560364798785,False,False,False,True,False,False,False,True,False,True,False,False
ORD201012,2024-12-03,C84570,Printer,4,30.05,301 Main St,TRK12551882,6,,120.2,0,12,20.033299944500094,False,False,False,True,False,False,True,False,True,False,False,False
ORD201013,2025-04-26,C91123,Laptop,4,300.56,842 Main St,TRK49568409,9,FREESHIP,1202.24,1,4,133.58207379769578,False,False,False,False,False,False,False,False,True,False,False,False
ORD201014,2024-02-04,C92548,Tablet,5,226.45,160 Main St,TRK21682892,6,FREESHIP,1132.25,1,2,188.70801881996866,False,True,False,False,False,False,True,False,False,False,False,False
ORD201015,2024-01-26,C97454,Printer,2,349.4,892 Main St,TRK73249329,2,SAVE10,698.8,1,1,349.3982530087349,False,False,False,True,False,False,False,True,False,False,True,False
ORD201016,2023-12-29,C20257,Tablet,5,268.78,669 Main St,TRK62135578,7,WINTER15,1343.9,1,12,191.98544002079998,False,True,False,False,True,False,False,False,False,False,False,False
ORD201017,2024-08-25,C51694,Chair,2,680.85,953 Main St,TRK83122112,6,FREESHIP,1361.7,1,8,226.94962175063043,False,False,True,False,True,False,False,False,False,False,False,True
ORD201018,2023-07-08,C77499,Laptop,3,182.48,209 Main St,TRK20703086,3,,547.44,0,7,182.4793917353609,False,False,False,False,True,False,False,False,False,False,True,False
ORD201019,2024-04-06,C28386,Desk,1,277.09,293 Main St,TRK32954229,2,SAVE10,277.09,1,4,138.54430727846358,False,False,False,False,False,False,True,False,False,False,False,True
ORD201020,2024-04-22,C50211,Tablet,2,26.5,312 Main St,TRK47787981,3,SAVE10,53.0,1,4,17.666607777974072,False,False,False,True,True,False,False,False,False,False,True,False
ORD201021,2023-10-23,C74519,Phone,3,315.27,309 Main St,TRK97351945,4,SAVE10,945.81,1,10,236.45190887022784,True,False,False,False,False,False,False,False,False,False,False,False
ORD201022,2025-02-24,C19071,Tablet,3,450.98,396 Main St,TRK66537096,8,SAVE10,1352.94,1,2,169.11728860338926,True,False,False,False,False,False,False,True,False,False,False,True
ORD201023,2024-09-23,C65251,Laptop,5,233.67,291 Main St,TRK32059025,10,,1168.35,0,9,116.83488316511684,False,False,False,False,False,False,False,True,False,False,False,True
ORD201024,2024-01-29,C90612,Chair,3,367.75,731 Main St,TRK93022878,7,FREESHIP,1103.25,1,1,157.6069177044033,False,False,False,False,False,True,False,False,True,False,False,False
ORD201025,2025-05-17,C28406,Chair,1,23.53,174 Main St,TRK98841457,2,FREESHIP,23.53,1,5,11.764941175294124,False,False,True,False,True,False,False,False,False,False,True,False
ORD201026,2023-05-01,C55454,Monitor,1,677.48,807 Main St,TRK13281370,1,WINTER15,677.48,1,5,677.4732252677474,False,False,False,True,True,False,False,False,True,False,False,False
ORD201027,2024-05-21,C93467,Laptop,4,554.83,983 Main St,TRK77377373,6,,2219.32,0,5,369.8860501899164,False,False,False,False,False,False,True,False,False,True,False,False
ORD201028,2023-02-17,C60042,Desk,4,440.31,610 Main St,TRK84651559,6,,1761.24,0,2,293.53951076748206,False,False,False,False,False,False,False,False,False,False,True,False
ORD201029,2025-03-01,C44733,Desk,1,87.06,851 Main St,TRK41500198,4,FREESHIP,87.06,1,3,21.764945587636035,True,False,False,False,False,False,False,True,False,False,False,False
ORD201030,2023-10-02,C61773,Phone,4,245.28,176 Main St,TRK12936357,6,WINTER15,981.12,1,10,163.5197274671209,True,False,False,False,True,False,False,False,False,False,False,False
ORD201031,2023-02-28,C59183,Phone,5,664.51,136 Main St,TRK18129706,8,SAVE10,3322.55,1,2,415.31823085221146,False,True,False,False,False,True,False,False,False,False,False,False
ORD201032,2023-04-20,C26188,Chair,1,618.68,990 Main St,TRK61634201,6,WINTER15,618.68,1,4,103.1131614780642,False,False,False,True,True,False,False,False,False,False,False,True
ORD201033,2024-12-24,C20338,Monitor,1,370.85,331 Main St,TRK30654048,2,FREESHIP,370.85,1,12,185.42407287963562,False,False,True,False,True,False,False,False,False,False,False,True
ORD201034,2024-06-16,C84524,Printer,4,517.98,766 Main St,TRK76751888,8,FREESHIP,2071.92,1,6,258.9896762629047,False,False,False,False,False,False,False,False,True,False,False,False
ORD201035,2023-11-12,C70315,Laptop,4,506.11,911 Main St,TRK97732085,5,,2024.44,0,11,404.8871902256196,False,False,False,False,False,False,False,False,False,False,False,True
ORD201036,2024-05-31,C98278,Phone,3,413.83,552 Main St,TRK49684737,8,SAVE10,1241.49,1,5,155.18605601743,False,False,True,False,False,False,False,True,True,False,False,False
ORD201037,2023-12-13,C32347,Printer,1,249.81,408 Main St,TRK54073964,1,SAVE10,249.81,1,12,249.80750192498073,False,False,False,False,False,True,False,False,False,True,False,False
ORD201038,2025-03-15,C77961,Tablet,3,362.53,422 Main St,TRK28969024,5,,1087.59,0,3,217.51756496487008,False,True,False,False,False,False,True,False,True,False,False,False
ORD201039,2025-06-28,C49137,Desk,2,299.23,177 Main St,TRK79362428,2,WINTER15,598.46,1,6,299.22850385748075,True,False,False,False,False,False,False,False,False,False,True,False
ORD201040,2023-11-15,C13169,Tablet,1,536.07,932 Main St,TRK66288666,5,FREESHIP,536.07,1,11,107.21378557242888,False,True,False,False,True,False,False,False,False,True,False,False
ORD201041,2023-02-11,C21167,Monitor,4,558.9,948 Main St,TRK97737564,9,WINTER15,2235.6,1,2,248.39972400030666,False,False,True,False,False,False,False,True,False,True,False,False
ORD201042,2024-12-09,C59724,Tablet,2,409.75,414 Main St,TRK67878272,2,WINTER15,819.5,1,12,409.74795126024367,False,True,False,False,False,False,False,True,True,False,False,False
ORD201043,2025-01-11,C43965,Tablet,2,179.96,675 Main St,TRK94346739,5,,359.92,0,1,71.98385603228795,False,False,True,False,False,False,False,True,False,False,True,False
ORD201044,2025-06-22,C63018,Printer,1,38.49,215 Main St,TRK52335337,4,FREESHIP,38.49,1,6,9.622475943810143,True,False,False,False,True,False,False,False,False,False,False,True
ORD201045,2024-09-20,C11893,Laptop,5,316.4,671 Main St,TRK72012758,7,,1582.0,0,9,225.99967714331837,False,False,True,False,False,False,True,False,False,False,False,False
ORD201046,2024-10-07,C85421,Tablet,3,547.15,466 Main St,TRK16524006,4,WINTER15,1641.45,1,10,410.3614740963148,False,False,False,True,False,False,False,True,False,False,True,False
ORD201047,2023-06-23,C81726,Chair,4,540.34,394 Main St,TRK69872994,6,WINTER15,2161.36,1,6,360.22606628988956,False,False,True,False,False,False,False,True,False,False,False,True
ORD201048,2024-09-09,C57601,Monitor,4,73.65,889 Main St,TRK21153699,9,,294.6,0,9,32.733296963003376,False,True,False,False,False,False,False,True,False,True,False,False
ORD201049,2024-07-18,C60575,Desk,5,391.86,587 Main St,TRK44468232,6,,1959.3,0,7,326.5494557509071,True,False,False,False,False,False,False,True,False,False,True,False
ORD201050,2023-08-20,C70659,Laptop,5,69.7,722 Main St,TRK49663597,9,,348.5,0,8,38.72217919757867,False,False,False,True,False,False,True,False,False,False,True,False
ORD201051,2025-03-05,C35043,Monitor,5,26.43,820 Main St,TRK65097450,5,FREESHIP,132.15,1,3,26.429947140105725,False,False,True,False,False,False,False,True,True,False,False,False
ORD201052,2023-09-11,C12301,Tablet,1,531.74,493 Main St,TRK25145796,1,WINTER15,531.74,1,9,531.7346826531734,False,False,False,True,False,False,False,True,False,True,False,False
ORD201053,2024-09-15,C32798,Phone,2,496.62,679 Main St,TRK37375451,2,SAVE10,993.24,1,9,496.61751691241545,False,False,False,True,False,True,False,False,False,False,True,False
ORD201054,2023-11-29,C42949,Printer,1,660.66,447 Main St,TRK46415143,3,WINTER15,660.66,1,11,220.2192659357802,False,True,False,False,True,False,False,False,False,False,True,False
ORD201055,2023-10-23,C10787,Monitor,4,274.82,932 Main St,TRK91512567,9,WINTER15,1099.28,1,10,122.14208650879277,False,True,False,False,True,False,False,False,False,False,False,False
ORD201056,2024-06-14,C26152,Phone,2,486.35,790 Main St,TRK49382455,6,SAVE10,972.7,1,6,162.11639647267256,False,False,False,True,False,True,False,False,False,False,False,True
ORD201057,2024-09-24,C46210,Laptop,3,428.88,535 Main St,TRK81611937,3,WINTER15,1286.64,1,9,428.87857040476536,False,True,False,False,False,False,False,True,True,False,False,False
ORD201058,2023-09-08,C32943,Desk,2,412.14,127 Main St,TRK26949106,2,FREESHIP,824.28,1,9,412.1379393103034,True,False,False,False,False,False,True,False,False,False,True,False
ORD201059,2024-09-22,C73629,Desk,1,265.64,601 Main St,TRK11492924,3,WINTER15,265.64,1,9,88.54637151209495,True,False,False,False,False,False,True,False,False,False,True,False
ORD201060,2024-05-07,C38024,Tablet,2,273.43,824 Main St,TRK93370912,7,WINTER15,546.86,1,5,78.12274553893495,False,False,False,False,False,False,False,True,False,False,False,True
ORD201061,2025-01-29,C25445,Laptop,5,131.7,830 Main St,TRK12402431,8,FREESHIP,658.5,1,1,82.31239710950362,False,False,False,False,False,False,False,True,False,True,False,False
ORD201062,2023-08-23,C13501,Chair,5,85.52,301 Main St,TRK65149372,5,,427.6,0,8,85.5198289603421,False,False,True,False,False,False,False,False,True,False,False,False
ORD201063,2024-06-19,C42108,Desk,2,320.68,336 Main St,TRK58407918,5,FREESHIP,641.36,1,6,128.2717434565131,True,False,False,False,False,False,False,True,False,False,False,True
ORD201064,2025-02-12,C32121,Laptop,4,198.81,654 Main St,TRK96074264,9,FREESHIP,795.24,1,2,88.35990182233131,False,False,False,False,False,False,True,False,False,False,False,True
ORD201065,2023-10-30,C47778,Printer,5,666.8,488 Main St,TRK79504329,7,SAVE10,3330.4075,1,10,475.77182032597096,False,True,False,False,True,False,False,False,False,False,False,True
ORD201066,2023-12-20,C10791,Desk,1,355.09,674 Main St,TRK20321248,5,SAVE10,355.09,1,12,71.01785796428408,False,True,False,False,False,False,False,False,False,False,True,False
ORD201067,2023-06-06,C78959,Phone,2,316.2,384 Main St,TRK37426359,2,,632.4,0,6,316.19841900790493,False,False,False,True,False,False,True,False,False,False,True,False
ORD201068,2024-08-03,C29914,Laptop,1,133.39,469 Main St,TRK22073506,2,SAVE10,133.39,1,8,66.69466652666736,False,True,False,False,False,False,False,True,False,False,False,True
ORD201069,2023-02-25,C70506,Monitor,1,454.23,255 Main St,TRK12518384,3,,454.23,0,2,151.40949530168234,False,False,True,False,False,False,True,False,True,False,False,False
ORD201070,2024-09-06,C46873,Desk,4,491.29,496 Main St,TRK10926575,6,,1965.16,0,9,327.5261207897987,False,True,False,False,False,True,False,False,False,False,False,False
ORD201071,2025-06-24,C94037,Phone,2,255.14,216 Main St,TRK47536985,2,,510.28,0,6,255.13872430637844,False,False,False,False,False,False,False,True,False,True,False,False
ORD201072,2023-02-26,C88644,Monitor,1,392.61,977 Main St,TRK14900878,4,SAVE10,392.61,1,2,98.15225461936346,False,False,True,False,False,False,False,False,False,False,False,True
ORD201073,2024-10-11,C69471,Tablet,4,362.06,294 Main St,TRK11107152,4,,1448.24,0,10,362.0590948522629,False,True,False,False,False,False,True,False,True,False,False,False
ORD201074,2024-05-10,C21437,Phone,1,222.73,120 Main St,TRK81624772,4,,222.73,0,5,55.68236079409802,False,False,False,True,False,False,True,False,False,True,False,False
ORD201075,2024-08-31,C40949,Monitor,2,552.63,609 Main St,TRK43066749,7,WINTER15,1105.26,1,8,157.89406015134264,False,True,False,False,True,False,False,False,False,False,True,False
ORD201076,2023-05-08,C99116,Laptop,4,686.61,176 Main St,TRK52711973,6,,2746.44,0,5,457.73923710127156,False,False,False,False,False,False,False,True,False,False,False,True
ORD201077,2025-03-07,C57861,Printer,3,305.16,115 Main St,TRK47775217,8,SAVE10,915.48,1,3,114.43485695642882,True,False,False,False,False,False,False,False,False,False,False,True
ORD201078,2023-03-18,C62627,Desk,1,41.09,881 Main St,TRK90060232,4,WINTER15,41.09,1,3,10.272474318814204,False,False,False,True,False,False,True,False,False,False,False,False
ORD201079,2024-06-20,C89979,Phone,5,634.0,144 Main St,TRK99055909,8,,3170.0,0,6,396.24950468811915,False,False,True,False,True,False,False,False,False,False,False,False
ORD201080,2023-01-20,C70613,Laptop,5,464.74,438 Main St,TRK33140293,7,,2323.7,0,1,331.95666863333054,False,False,True,False,True,False,False,False,False,False,False,True
ORD201081,2023-04-21,C55636,Monitor,4,425.6,494 Main St,TRK85897054,5,FREESHIP,1702.4,1,4,340.479319041362,True,False,False,False,False,True,False,False,False,True,False,False
ORD201082,2023-10-06,C96595,Chair,3,573.22,177 Main St,TRK59779174,5,SAVE10,1719.66,1,10,343.93131213737576,False,True,False,False,False,True,False,False,False,False,False,False
ORD201083,2024-07-09,C68508,Chair,1,123.28,895 Main St,TRK98960285,3,SAVE10,123.28,1,7,41.09319635601214,True,False,False,False,True,False,False,False,False,False,False,False
ORD201084,2023-01-08,C45175,Phone,1,70.82,128 Main St,TRK41792296,1,WINTER15,70.82,1,1,70.81929180708192,False,False,True,False,False,True,False,False,False,False,True,False
ORD201085,2023-05-21,C28049,Printer,2,646.69,404 Main St,TRK91426444,7,WINTER15,1293.38,1,5,184.7683074738465,False,True,False,False,False,False,False,True,False,False,True,False
ORD201086,2023-12-23,C46967,Tablet,2,513.42,401 Main St,TRK91439791,5,WINTER15,1026.84,1,12,205.36758926482148,False,False,False,True,False,True,False,False,False,False,True,False
ORD201087,2025-03-23,C84134,Laptop,4,693.07,530 Main St,TRK48659380,8,SAVE10,2772.28,1,3,346.5345668317915,False,False,False,True,False,False,False,True,False,False,True,False
ORD201088,2023-11-30,C49831,Desk,3,491.43,213 Main St,TRK21232601,6,WINTER15,1474.29,1,11,245.71459047568254,False,False,True,False,False,False,False,True,False,False,True,False
ORD201089,2025-03-15,C13324,Tablet,2,599.74,440 Main St,TRK66967997,2,,1199.48,0,3,599.7370013149934,False,False,True,False,False,False,False,True,False,False,True,False
ORD201090,2023-02-25,C61225,Monitor,2,650.25,996 Main St,TRK37022954,6,,1300.5,0,2,216.7496387506021,False,False,True,False,False,False,True,False,False,False,True,False
ORD201091,2024-10-08,C16400,Laptop,3,209.48,123 Main St,TRK57771859,4,,628.44,0,10,157.10960722598196,False,True,False,False,False,True,False,False,False,False,False,False
ORD201092,2023-08-21,C38642,Laptop,5,209.2,930 Main St,TRK47744396,6,WINTER15,1046.0,1,8,174.33304277826204,False,True,False,False,True,False,False,False,False,False,False,False
ORD201093,2023-06-09,C86773,Phone,4,197.36,557 Main St,TRK22612240,9,FREESHIP,789.44,1,6,87.71545809393547,False,False,True,False,False,False,True,False,False,False,True,False
ORD201094,2023-06-28,C66093,Printer,4,648.91,615 Main St,TRK54950785,6,SAVE10,2595.64,1,6,432.6059456567572,True,False,False,False,False,False,False,True,False,False,True,False
ORD201095,2024-04-23,C33051,Phone,2,441.54,397 Main St,TRK92929755,2,SAVE10,883.08,1,4,441.53779231103846,False,False,False,True,True,False,False,False,False,False,False,False
ORD201096,2025-05-03,C18169,Tablet,2,464.92,782 Main St,TRK49482923,2,,929.84,0,5,464.91767541162295,False,True,False,False,False,False,True,False,True,False,False,False
ORD201097,2024-12-26,C81370,Monitor,5,506.45,344 Main St,TRK99682998,7,WINTER15,2532.25,1,12,361.749483215024,False,False,True,False,False,False,False,True,False,True,False,False
ORD201098,2023-06-17,C91103,Monitor,4,255.86,155 Main St,TRK91653000,7,,1023.44,0,6,146.20550542070654,True,False,False,False,True,False,False,False,False,False,False,False
ORD201099,2024-09-19,C21953,Laptop,2,125.23,272 Main St,TRK60774796,3,FREESHIP,250.46,1,9,83.4863883787054,False,False,False,False,False,False,False,False,False,False,False,False
ORD201100,2023-08-17,C15146,Laptop,5,38.11,428 Main St,TRK79790530,6,WINTER15,190.55,1,8,31.758280402866,False,True,False,False,False,False,False,False,False,False,True,False
ORD201101,2025-06-08,C43546,Monitor,3,161.97,904 Main St,TRK85871121,4,SAVE10,485.91,1,6,121.47719630700925,False,False,False,False,False,True,False,False,False,False,False,False
ORD201102,2024-06-03,C98474,Chair,4,347.17,997 Main St,TRK86192984,8,,1388.68,0,6,173.58478301902124,False,True,False,False,False,False,False,True,False,False,True,False
ORD201103,2023-04-24,C90292,Laptop,4,276.32,129 Main St,TRK26270357,5,,1105.28,0,4,221.05555788888424,False,False,False,True,True,False,False,False,False,True,False,False
ORD201104,2024-07-25,C17075,Tablet,4,314.76,850 Main St,TRK63547510,8,,1259.04,0,7,157.3798032752459,False,False,False,True,False,False,False,True,False,False,True,False
ORD201105,2024-01-08,C12487,Tablet,3,475.69,884 Main St,TRK23324770,3,FREESHIP,1427.07,1,1,475.68841437195204,False,False,True,False,False,False,False,False,False,True,False,False
ORD201106,2023-03-12,C34555,Chair,1,372.8,903 Main St,TRK72859458,6,SAVE10,372.8,1,3,62.133229777950376,False,False,False,False,False,False,False,False,True,False,False,False
ORD201107,2025-06-30,C25110,Tablet,2,63.21,282 Main St,TRK80963328,4,SAVE10,126.42,1,6,31.604920987697533,False,False,False,True,False,False,False,False,False,True,False,False
ORD201108,2023-03-20,C35136,Laptop,1,634.94,462 Main St,TRK49753703,5,WINTER15,634.94,1,3,126.98774602450797,False,False,False,True,False,False,False,False,False,False,True,False
ORD201109,2024-04-08,C62277,Printer,4,77.47,474 Main St,TRK32026174,7,SAVE10,309.88,1,4,44.26850818784545,False,False,True,False,False,False,True,False,False,False,True,False
ORD201110,2024-02-25,C12472,Chair,3,84.31,912 Main St,TRK36103184,3,SAVE10,252.93,1,2,84.30971896760344,True,False,False,False,False,False,False,True,False,False,False,False
ORD201111,2023-05-06,C24047,Monitor,4,234.45,362 Main St,TRK91338580,9,FREESHIP,937.8,1,5,104.19988422235086,False,False,False,True,False,False,False,False,False,False,True,False
ORD201112,2023-10-13,C76929,Desk,1,356.81,563 Main St,TRK80694400,1,WINTER15,356.81,1,10,356.8064319356806,False,False,False,True,True,False,False,False,False,False,True,False
ORD201113,2023-03-19,C52914,Desk,4,209.99,168 Main St,TRK80819053,8,,839.96,0,3,104.99486875641406,False,False,False,False,True,False,False,False,False,True,False,False
ORD201114,2023-03-16,C55164,Tablet,3,659.88,609 Main St,TRK79610967,3,,1979.64,0,3,659.877800407332,False,False,True,False,False,False,False,False,False,True,False,False
ORD201115,2025-06-20,C70426,Laptop,2,336.32,562 Main St,TRK89687816,3,,672.64,0,6,224.2125859580468,False,False,False,True,False,False,True,False,False,True,False,False
ORD201116,2023-10-14,C69149,Printer,2,531.49,562 Main St,TRK61265132,7,WINTER15,1062.98,1,10,151.85406877990175,True,False,False,False,True,False,False,False,True,False,False,False
ORD201117,2024-05-20,C78684,Chair,3,588.44,858 Main St,TRK95779073,8,WINTER15,1765.32,1,5,220.6647241690948,False,False,True,False,False,False,False,True,False,True,False,False
ORD201118,2024-05-24,C58168,Phone,3,251.48,359 Main St,TRK99102265,4,,754.44,0,5,188.60952847617884,True,False,False,False,False,False,True,False,False,False,False,False
ORD201119,2024-11-24,C99024,Laptop,1,684.65,250 Main St,TRK24675988,1,FREESHIP,684.65,1,11,684.6431535684643,True,False,False,False,True,False,False,False,False,False,False,False
ORD201120,2025-05-10,C22919,Tablet,1,195.86,267 Main St,TRK82416295,3,,195.86,0,5,65.28644904516985,False,False,False,True,False,True,False,False,True,False,False,False
ORD201121,2023-05-28,C98354,Phone,3,50.34,393 Main St,TRK43070888,3,FREESHIP,151.02,1,5,50.339832200559336,False,False,True,False,False,False,True,False,False,False,True,False
ORD201122,2023-06-07,C38840,Monitor,5,678.19,766 Main St,TRK32496970,8,,3330.4075,0,6,416.3004171244786,False,False,False,True,False,False,True,False,True,False,False,False
ORD201123,2023-04-14,C68936,Tablet,3,554.25,843 Main St,TRK73163634,6,WINTER15,1662.75,1,4,277.1245381257698,False,True,False,False,False,False,False,True,False,False,False,True
ORD201124,2023-05-09,C33744,Chair,4,576.87,888 Main St,TRK40245983,5,,2307.48,0,5,461.495077009846,False,False,True,False,False,False,True,False,False,False,True,False
ORD201125,2023-10-16,C23555,Desk,4,408.36,156 Main St,TRK67210247,4,FREESHIP,1633.44,1,10,408.35897910255227,False,False,True,False,False,False,False,False,False,False,False,True
ORD201126,2024-07-22,C34337,Phone,5,190.11,325 Main St,TRK36195559,7,SAVE10,950.55,1,7,135.79266315333837,False,False,False,False,True,False,False,False,False,True,False,False
ORD201127,2025-03-15,C69396,Printer,3,602.75,920 Main St,TRK33155049,6,SAVE10,1808.25,1,3,301.3744977091705,True,False,False,False,False,False,False,True,False,False,False,False
ORD201128,2023-08-17,C49198,Monitor,3,646.79,447 Main St,TRK10883354,5,WINTER15,1940.37,1,8,388.0732238535523,False,False,False,False,False,False,False,False,False,True,False,False
ORD201129,2023-06-11,C43911,Chair,4,418.71,239 Main St,TRK37495481,8,FREESHIP,1674.84,1,6,209.3547383065771,False,False,False,False,False,True,False,False,False,False,True,False
ORD201130,2025-02-16,C24347,Laptop,2,323.45,533 Main St,TRK27233265,5,FREESHIP,646.9,1,2,129.37974124051752,True,False,False,False,False,False,True,False,False,False,True,False
ORD201131,2024-07-18,C21043,Phone,1,694.5,195 Main St,TRK41691086,3,WINTER15,694.5,1,7,231.49922833590554,True,False,False,False,False,True,False,False,True,False,False,False
ORD201132,2024-12-02,C58858,Chair,2,337.32,948 Main St,TRK30406357,4,SAVE10,674.64,1,12,168.65957835105414,True,False,False,False,False,False,False,False,False,False,False,False
ORD201133,2024-04-09,C20670,Printer,2,467.91,432 Main St,TRK76731303,5,WINTER15,935.82,1,4,187.16362567274868,False,False,True,False,False,False,True,False,True,False,False,False
ORD201134,2024-06-08,C90993,Desk,4,38.28,950 Main St,TRK53964711,4,WINTER15,153.12,1,6,38.27990430023925,False,True,False,False,False,False,False,False,True,False,False,False
ORD201135,2023-12-28,C11473,Printer,2,73.41,562 Main St,TRK97793275,2,SAVE10,146.82,1,12,73.40963295183523,False,False,False,True,False,False,False,True,False,True,False,False
ORD201136,2023-09-24,C71899,Tablet,3,668.33,799 Main St,TRK34856025,4,WINTER15,2004.99,1,9,501.24624688438286,False,False,True,False,False,True,False,False,True,False,False,False
ORD201137,2024-07-29,C48577,Printer,4,410.21,841 Main St,TRK59911645,5,WINTER15,1640.84,1,7,328.16734366531267,False,False,False,False,False,True,False,False,False,False,True,False
ORD201138,2023-12-18,C13100,Desk,4,294.41,188 Main St,TRK55565668,4,,1177.64,0,12,294.4092639768401,False,True,False,False,False,True,False,False,False,False,True,False
ORD201139,2025-03-01,C70659,Chair,3,501.82,568 Main St,TRK28290825,4,FREESHIP,1505.46,1,3,376.36405908985233,False,False,True,False,False,False,False,False,False,False,False,False
ORD201140,2024-06-24,C49838,Printer,2,552.83,904 Main St,TRK38297718,3,,1105.66,0,6,368.55210482631725,True,False,False,False,False,False,False,False,False,False,False,True
ORD201141,2025-02-16,C11998,Chair,3,498.66,382 Main St,TRK26707221,6,,1495.98,0,2,249.3295844506926,False,False,False,False,False,False,False,False,False,False,False,False
ORD201142,2024-08-23,C23405,Phone,4,695.1,484 Main St,TRK83678708,8,,2780.4,0,8,347.5495655630431,False,True,False,False,False,False,True,False,False,False,False,False
ORD201143,2023-04-03,C41132,Chair,1,381.61,114 Main St,TRK51040137,5,,381.61,0,4,76.3218473563053,False,True,False,False,False,True,False,False,False,False,False,False
ORD201144,2023-02-16,C88463,Desk,5,507.94,292 Main St,TRK88749996,9,,2539.7,0,2,282.1885753460274,False,False,False,True,False,False,False,False,True,False,False,False
ORD201145,2025-05-12,C28152,Desk,3,571.53,821 Main St,TRK59642814,6,FREESHIP,1714.59,1,5,285.7645237257938,False,True,False,False,True,False,False,False,True,False,False,False
ORD201146,2024-10-03,C36383,Monitor,5,421.44,286 Main St,TRK93336357,5,SAVE10,2107.2,1,10,421.43915712168575,False,False,False,False,False,True,False,False,False,False,True,False
ORD201147,2025-01-02,C19759,Chair,2,588.3,234 Main St,TRK22515454,2,FREESHIP,1176.6,1,1,588.2970585147074,False,False,False,True,False,True,False,False,False,False,False,False
ORD201148,2024-06-25,C54886,Phone,1,355.15,442 Main St,TRK66241930,2,SAVE10,355.15,1,6,177.57411212943933,False,False,False,False,False,False,True,False,False,False,False,False
ORD201149,2024-07-25,C27305,Chair,2,695.29,957 Main St,TRK28789916,6,FREESHIP,1390.58,1,7,231.7629470617549,True,False,False,False,False,True,False,False,False,False,True,False
ORD201150,2023-02-20,C17921,Desk,4,302.65,119 Main St,TRK79291524,8,SAVE10,1210.6,1,2,151.32481084398643,True,False,False,False,False,False,False,False,False,False,False,True
ORD201151,2023-01-29,C94381,Chair,2,608.04,962 Main St,TRK69804304,4,,1216.08,0,1,304.01923995190015,False,False,False,False,False,False,False,False,False,True,False,False
ORD201152,2023-11-09,C25162,Tablet,2,344.18,533 Main St,TRK42183078,7,,688.36,0,11,98.3370023757109,True,False,False,False,False,False,False,True,False,False,False,True
ORD201153,2024-12-16,C98317,Monitor,4,696.71,276 Main St,TRK37172138,4,,2786.84,0,12,696.7082582293546,False,True,False,False,False,False,False,True,False,False,True,False
ORD201154,2025-06-11,C53631,Monitor,3,198.63,593 Main St,TRK67589167,8,SAVE10,595.89,1,6,74.48615689230388,False,False,False,False,False,True,False,False,False,False,True,False
ORD201155,2023-08-13,C41478,Printer,4,534.57,667 Main St,TRK62068126,6,FREESHIP,2138.28,1,8,356.3794060343233,True,False,False,False,True,False,False,False,True,False,False,False
ORD201156,2023-07-19,C20512,Laptop,4,690.78,980 Main St,TRK98234737,9,,2763.12,0,7,307.01299220778645,True,False,False,False,False,False,False,True,False,False,False,True
ORD201157,2024-05-29,C25841,Monitor,3,301.55,242 Main St,TRK21451375,5,FREESHIP,904.65,1,5,180.92963814072374,False,True,False,False,True,False,False,False,False,True,False,False
ORD201158,2023-04-20,C82781,Monitor,4,27.42,661 Main St,TRK20605418,4,SAVE10,109.68,1,4,27.41993145017138,False,True,False,False,False,True,False,False,False,False,False,True
ORD201159,2024-02-23,C66112,Desk,4,466.7,874 Main St,TRK60955607,8,,1866.8,0,2,233.3497083128646,False,True,False,False,False,False,True,False,False,False,True,False
ORD201160,2024-09-04,C40466,Desk,1,541.64,449 Main St,TRK70255168,5,SAVE10,541.64,1,9,108.32778334443331,False,True,False,False,False,False,False,True,False,False,False,False
ORD201161,2023-10-16,C32570,Phone,1,11.39,826 Main St,TRK35969968,6,WINTER15,11.39,1,10,1.8983301694497179,False,False,False,False,False,False,False,False,False,False,False,False
ORD201162,2025-03-11,C29405,Phone,2,224.37,251 Main St,TRK33125798,3,WINTER15,448.74,1,3,149.579501401662,False,True,False,False,True,False,False,False,False,False,False,True
ORD201163,2024-06-11,C30643,Laptop,3,306.29,966 Main St,TRK19477485,7,WINTER15,918.87,1,6,131.26695533292096,True,False,False,False,False,False,True,False,False,False,True,False
ORD201164,2024-01-08,C65890,Tablet,5,315.57,340 Main St,TRK64530489,6,WINTER15,1577.85,1,1,262.97456170906383,False,True,False,False,True,False,False,False,False,False,False,False
ORD201165,2023-07-14,C36992,Chair,3,223.79,617 Main St,TRK63460217,3,,671.37,0,7,223.78925403581988,False,True,False,False,False,True,False,False,False,True,False,False
ORD201166,2023-07-31,C95568,Chair,3,324.47,971 Main St,TRK37075292,4,WINTER15,973.41,1,7,243.35189162027098,False,False,False,False,True,False,False,False,False,False,False,False
ORD201167,2023-10-17,C17966,Printer,2,92.87,360 Main St,TRK31169396,5,FREESHIP,185.74,1,10,37.1479257041486,True,False,False,False,False,True,False,False,True,False,False,False
ORD201168,2023-04-08,C89559,Laptop,2,331.42,297 Main St,TRK82838108,6,WINTER15,662.84,1,4,110.47314921141799,True,False,False,False,True,False,False,False,False,True,False,False
ORD201169,2024-12-23,C15849,Chair,1,525.43,643 Main St,TRK26794546,2,SAVE10,525.43,1,12,262.7136864315678,False,False,False,False,False,False,False,False,False,False,True,False
ORD201170,2023-08-03,C94257,Printer,2,697.19,762 Main St,TRK40220743,7,FREESHIP,1394.38,1,8,199.19685829020247,False,False,False,False,False,False,True,False,False,False,False,False
ORD201171,2023-08-28,C39911,Phone,4,518.4,699 Main St,TRK80431998,7,SAVE10,2073.6,1,8,296.2281482455025,True,False,False,False,True,False,False,False,True,False,False,False
ORD201172,2025-02-04,C28828,Desk,3,131.96,745 Main St,TRK32550359,8,,395.88,0,2,49.48493814382732,True,False,False,False,False,True,False,False,False,False,True,False
ORD201173,2024-10-04,C82921,Monitor,1,208.36,703 Main St,TRK31079911,4,FREESHIP,208.36,1,10,52.08986977532557,False,False,False,True,False,False,False,True,False,False,False,False
ORD201174,2023-11-27,C50159,Printer,3,222.34,105 Main St,TRK53737452,5,WINTER15,667.02,1,11,133.40373319253362,True,False,False,False,False,False,True,False,False,False,False,False
ORD201175,2024-09-10,C62512,Printer,3,91.74,368 Main St,TRK24139954,8,FREESHIP,275.22,1,9,34.402456996928755,False,True,False,False,False,False,True,False,False,False,False,True
ORD201176,2023-08-13,C39260,Tablet,2,213.83,374 Main St,TRK55587314,2,WINTER15,427.66,1,8,213.82893085534573,False,True,False,False,False,False,False,False,False,False,False,False
ORD201177,2023-04-27,C23917,Printer,1,127.55,433 Main St,TRK44434536,3,SAVE10,127.55,1,4,42.516524944916846,False,False,False,False,False,False,False,True,False,False,False,True
ORD201178,2024-09-08,C65107,Monitor,1,70.24,456 Main St,TRK10261578,4,FREESHIP,70.24,1,9,17.55995610010975,True,False,False,False,False,False,False,False,False,True,False,False
ORD201179,2023-01-08,C84630,Laptop,5,518.55,907 Main St,TRK48054997,6,WINTER15,2592.75,1,1,432.124279792867,True,False,False,False,False,False,False,False,False,False,True,False
ORD201180,2023-10-31,C42235,Chair,4,298.36,722 Main St,TRK49379882,8,FREESHIP,1193.44,1,10,149.1798135252331,False,True,False,False,False,True,False,False,False,True,False,False
ORD201181,2023-07-27,C70246,Desk,3,158.74,293 Main St,TRK45708320,7,FREESHIP,476.22,1,7,68.03133138381232,False,False,False,True,False,True,False,False,False,False,True,False
ORD201182,2025-06-14,C18473,Chair,2,420.29,700 Main St,TRK97834202,3,SAVE10,840.58,1,6,280.1923993586688,False,False,True,False,False,False,True,False,False,True,False,False
ORD201183,2023-04-05,C12607,Desk,1,281.52,460 Main St,TRK83653396,6,WINTER15,281.52,1,4,46.91992180013033,False,False,True,False,False,False,False,True,False,False,False,True
ORD201184,2023-09-27,C10222,Laptop,1,204.08,979 Main St,TRK86297895,4,,204.08,0,9,51.019872450318886,False,False,True,False,False,False,True,False,False,True,False,False
ORD201185,2024-07-08,C77344,Chair,1,343.31,777 Main St,TRK20605055,6,SAVE10,343.31,1,7,57.218237969603386,False,False,True,False,False,False,True,False,False,True,False,False
ORD201186,2023-11-18,C65497,Monitor,1,163.32,676 Main St,TRK83702761,6,WINTER15,163.32,1,11,27.219954633408946,False,False,False,False,False,False,False,True,True,False,False,False
ORD201187,2024-03-13,C26340,Desk,2,184.6,562 Main St,TRK59962703,7,WINTER15,369.2,1,3,52.74278179602601,False,False,True,False,True,False,False,False,False,False,False,False
ORD201188,2023-10-07,C75619,Printer,2,371.29,924 Main St,TRK23086941,5,WINTER15,742.58,1,10,148.51570296859407,False,False,True,False,False,False,False,True,True,False,False,False
ORD201189,2024-08-17,C96136,Tablet,5,389.22,149 Main St,TRK60856682,7,,1946.1,0,8,278.0138885515878,False,False,False,False,False,False,False,False,False,False,False,True
ORD201190,2025-06-08,C46886,Desk,3,616.39,754 Main St,TRK82791646,6,FREESHIP,1849.17,1,6,308.1944863425228,True,False,False,False,False,False,False,True,False,False,True,False
ORD201191,2025-02-10,C44148,Desk,4,376.43,809 Main St,TRK67872709,5,WINTER15,1505.72,1,2,301.1433977132046,False,False,True,False,False,True,False,False,False,False,True,False
ORD201192,2024-02-28,C72007,Chair,3,432.85,999 Main St,TRK16240916,4,,1298.55,0,2,324.636688408279,False,False,False,True,False,True,False,False,False,False,True,False
ORD201193,2025-06-16,C45104,Tablet,1,687.89,348 Main St,TRK38559816,1,FREESHIP,687.89,1,6,687.8831211687883,False,False,False,False,False,False,True,False,False,False,False,False
ORD201194,2023-11-19,C29885,Printer,3,189.44,725 Main St,TRK62067865,4,FREESHIP,568.32,1,11,142.07964480088802,False,False,False,False,False,True,False,False,False,False,False,False
ORD201195,2024-06-20,C21126,Desk,1,107.04,392 Main St,TRK38009181,6,FREESHIP,107.04,1,6,17.839970266716225,True,False,False,False,False,False,False,False,False,True,False,False
ORD201196,2024-03-04,C20095,Monitor,2,662.53,778 Main St,TRK69207593,5,,1325.06,0,3,265.0114699770601,False,False,False,True,False,False,False,False,True,False,False,False
ORD201197,2023-07-13,C79674,Tablet,2,436.84,275 Main St,TRK88039356,2,FREESHIP,873.68,1,7,436.8378158109209,False,False,False,True,True,False,False,False,False,False,True,False
ORD201198,2024-08-22,C64753,Chair,4,262.52,509 Main St,TRK71683331,4,WINTER15,1050.08,1,8,262.51934370164076,False,True,False,False,False,False,False,False,False,False,True,False
ORD201199,2023-06-11,C57502,Tablet,4,560.58,201 Main St,TRK51116746,6,SAVE10,2242.32,1,6,373.7193771343715,False,False,True,False,False,False,True,False,False,False,False,True
